"Sleep.Date","ZQ","Total.Z","Time.to.Z","Time.in.Wake","Time.in.REM","Time.in.Light","Time.in.Deep","Awakenings","Morning.Feel","MP","Disturbance"
2012-02-16,96,571,3,42,151,357,63,10,3,"1",0.28411005360309
2012-02-17,89,573,18,42,155,371,47,17,3,"3",3.65296780990702
2012-02-18,77,476,51,73,128,298,50,9,3,"4",5.05304568560597
2012-02-19,78,477,25,48,132,286,60,14,2,"4",3.4898329716837
2012-02-20,79,476,30,75,162,259,56,12,2,"4",4.65742206225762
2012-02-21,94,542,29,41,184,293,66,13,3,"4",3.0636694969384
2012-02-23,112,591,2,7,172,331,88,3,3,"4",-3.99651232936862
2012-02-24,98,555,2,28,144,337,74,8,2,"2",-1.20751839989586
2012-02-25,91,507,41,33,179,263,66,8,3,"3",1.83510720788835
2012-02-26,115,630,2,16,181,370,79,5,4,"4",-2.84823646672975
2012-02-27,100,571,21,22,178,324,70,12,4,"4",1.13153819985332
2012-02-28,99,564,52,23,184,332,49,5,3,"2",1.08468528211944
2012-02-29,88,545,2,66,167,330,48,11,3,"3",1.84925893709453
2012-03-01,81,448,1,33,165,224,60,8,2,"2",-1.00623280992652
2012-03-03,135,689,8,2,196,375,118,3,4,"3",-3.8426304171111
2012-03-04,105,562,17,20,182,298,83,7,3,"2",-0.906777187825019
2012-03-05,86,505,57,54,138,301,66,10,2,"3",4.77348489464848
2012-03-06,89,521,33,39,168,296,57,11,3,"2",2.58077436266161
2012-03-07,92,539,15,27,167,324,49,9,3,"3",-0.00949596224277868
2012-03-08,94,541,20,49,174,298,69,10,4,"4",1.87292628775501
2012-03-09,91,507,33,16,147,298,62,5,3,"3",-0.646197952923225
2012-03-10,115,633,18,20,227,336,71,8,4,"2",-0.506692937433454
2012-03-11,94,567,48,55,130,362,76,13,3,"3",5.17579945856166
2012-03-12,93,564,22,35,170,347,47,11,3,"2",1.58155058543075
2012-03-14,89,486,53,12,133,281,73,6,2,"1",0.885667533598635
2012-03-15,95,525,52,17,180,281,65,8,2,"2",1.74505462346036
2012-03-16,95,531,36,16,178,295,58,7,3,"4",0.225004048305277
2012-03-17,84,493,18,34,157,274,63,13,3,"3",1.90105426545871
2012-03-18,80,455,21,9,137,271,48,6,3,"3",-1.55079593490209
2012-03-19,103,571,10,17,185,313,73,9,4,"3",-0.909301645299063
2012-03-20,91,500,23,11,150,284,66,6,4,"3",-1.29980129784546
2012-03-21,25,104,16,0,8,49,47,0,3,"3",-4.37044229955259
2012-03-22,90,482,31,20,161,251,70,6,1,"3",-0.241358931536006
2012-03-23,102,518,28,4,165,263,90,4,3,"3",-1.98398202209159
2012-03-24,93,506,25,18,168,271,67,6,3,"2",-0.776487570374122
2012-03-25,84,458,22,7,123,263,73,8,2,"3",-0.930588570730219
2012-03-26,109,586,14,16,226,282,78,9,4,"4",-0.679631461600518
2012-03-27,101,536,14,8,163,289,84,6,3,"3",-2.10249425610264
2012-03-28,96,512,31,12,173,268,72,5,3,"3",-1.00612022614574
2012-03-29,92,509,19,18,166,284,59,5,3,"4",-1.53173932299255
2012-03-30,91,510,15,36,151,283,76,10,2,"4",0.809729150449897
2012-03-31,102,535,17,7,161,294,81,3,3,"4",-2.93100982268805
2012-04-01,71,398,28,6,85,262,52,4,2,"4",-1.8750543859257
2012-04-02,97,541,19,40,175,290,77,10,4,"2",1.31171842456316
2012-04-03,86,484,30,13,126,299,59,6,2,"3",-0.693639158561975
2012-04-04,112,587,22,5,205,297,85,5,4,"4",-2.02666845673468
2012-04-05,83,467,14,16,156,259,53,7,3,"3",-1.3377329614929
2012-04-06,93,521,25,27,181,281,60,7,3,"3",0.0427375423185537
2012-04-07,95,509,14,13,163,277,70,5,3,"3",-2.15922591563412
2012-04-08,94,524,18,15,163,301,61,6,4,"4",-1.43711352774055
2012-04-10,80,450,38,36,131,257,62,6,2,"3",1.12729666090868
2012-04-11,92,503,33,14,166,287,51,2,3,"1",-1.74227783892769
2012-04-12,96,545,19,20,163,313,69,10,3,"3",0.222442062904304
2012-04-13,89,497,26,16,167,276,54,6,3,"2",-0.814381706094635
2012-04-14,109,593,18,20,194,329,71,5,3,"3",-1.49384518727203
2012-04-15,77,432,24,17,137,249,46,5,2,"3",-1.23103563884863
2012-04-16,115,616,7,19,197,327,93,8,1,"4",-1.34252526041549
2012-04-17,85,486,13,28,156,282,49,6,2,"3",-1.08425139488916
2012-04-18,93,538,20,32,167,316,55,7,2,"2",-0.040110869493593
2012-04-19,96,554,30,32,186,307,62,12,3,"3",2.31547788469109
2012-04-20,76,412,30,11,120,235,58,4,2,"2",-1.46066829462025
2012-04-21,91,513,16,25,161,287,66,9,3,"4",-0.0473900979632918
2012-04-22,63,374,68,86,104,216,55,5,1,"4",5.65244182847077
2012-04-23,103,598,20,34,174,357,68,10,4,"4",1.05596901651087
2012-04-24,93,518,35,11,161,296,61,6,3,"3",-0.447399292501001
2012-04-25,82,476,87,20,149,274,54,11,3,"3",5.38177084313579
2012-04-26,86,508,30,38,152,292,65,13,4,"4",2.97131154313494
2012-04-27,93,515,25,38,135,310,71,3,3,"4",-0.674363458553851
2012-04-28,98,538,22,11,185,293,60,5,3,"3",-1.69988554823703
2012-04-29,105,576,27,12,217,294,65,9,2,"4",0.0259487718575461
2012-05-01,92,485,53,18,162,235,88,9,2,"3",2.19960269193487
2012-05-02,105,583,20,15,206,312,65,8,2,"2",-0.636945026957423
2012-05-03,79,472,29,45,158,267,47,10,2,"3",2.29437251943159
2012-05-04,90,499,28,21,170,265,64,8,3,"3",0.258105885103207
2012-05-05,86,469,66,17,139,260,70,6,1,"2",2.08142212980318
2012-05-06,93,520,18,49,171,266,83,12,3,"2",2.38896078675665
2012-05-07,89,495,21,25,142,275,78,10,3,"4",0.636828154209761
2012-05-08,95,518,41,14,161,289,68,5,3,"3",-0.186857585526135
2012-05-09,98,538,25,8,164,312,63,4,4,"2",-1.97922725109593
2012-05-10,88,494,52,25,160,285,50,4,3,"4",0.86456216833913
2012-05-11,97,554,20,31,168,315,71,11,3,"4",1.22162831220824
2012-05-12,54,313,2,31,133,156,24,4,2,"4",-2.36032994543181
2012-05-13,103,558,29,16,184,300,74,6,3,"3",-0.60128120475852
2012-05-14,92,541,16,46,177,296,69,15,3,"3",3.07065458145566
2012-05-15,103,555,19,6,163,312,80,6,4,"2",-1.85625439004166
2012-05-16,99,561,27,29,201,297,64,11,4,"4",1.60993517915996
2012-05-18,101,553,26,12,174,309,71,6,2,"4",-1.03223697842641
2012-05-19,81,454,20,41,147,247,60,6,2,"3",0.121012743306697
2012-05-20,103,553,16,9,174,309,71,4,3,"3",-2.56406493702134
2012-05-21,88,500,24,40,155,285,60,6,3,"3",0.350682927005242
2012-05-22,90,511,22,10,145,313,53,5,2,"3",-1.75434936631997
2012-05-23,73,396,31,8,88,244,65,4,2,"2",-1.5530262484237
2012-05-24,118,650,11,19,233,347,70,7,4,"3",-1.38744200858019
2012-05-25,83,485,26,34,138,288,60,10,3,"4",1.4821700191831
2012-05-27,95,543,12,14,168,317,59,10,3,"2",-0.601575348710954
2012-05-28,98,539,30,12,207,275,57,8,3,"2",-0.0900014767525316
2012-05-29,87,486,27,13,171,265,50,6,2,"4",-0.906739659898091
2012-05-30,88,505,22,25,162,281,63,12,3,"3",1.36596315454752
2012-05-31,92,524,24,17,139,320,65,9,2,"3",0.0851673609361431
2012-06-01,76,427,31,10,115,269,43,2,2,"2",-2.1022001121502
2012-06-02,101,552,15,24,163,309,81,7,3,"2",-0.830988916383993
2012-06-03,84,486,20,32,137,288,62,9,2,"2",0.617990630398793
2012-06-04,100,547,17,16,189,292,67,7,3,"2",-1.12463246015679
2012-06-05,97,567,24,26,173,337,57,10,2,"3",0.904392473628819
2012-06-06,95,547,23,28,173,321,54,8,3,"4",0.284185109456946
2012-06-07,98,550,22,20,159,321,70,8,2,"2",-0.222558935651966
2012-06-08,84,461,20,24,164,237,60,6,3,"4",-0.804872164103327
2012-06-09,95,506,26,12,151,281,75,5,2,"4",-1.3612877283726
2012-06-10,81,470,21,50,142,270,58,7,3,"3",1.01127135644474
2012-06-11,91,510,23,24,167,284,59,7,2,"3",-0.262720912821018
2012-06-12,90,519,23,31,170,291,59,11,3,"3",1.43472881354435
2012-06-13,87,474,27,13,151,254,69,8,3,"2",-0.248638160005705
2012-06-14,85,484,16,15,145,284,55,8,3,"4",-0.92107902873891
2012-06-15,84,486,28,23,145,292,50,8,2,"2",0.367033521269093
2012-06-17,98,528,26,17,199,262,67,7,3,"2",-0.4308671380655
2012-06-18,85,468,19,28,150,258,61,5,3,"2",-0.987101142163122
2012-06-19,84,466,21,26,180,227,60,10,2,"2",0.691291972292703
2012-06-20,111,597,10,9,207,317,73,6,3,"3",-2.33216443980118
2012-06-21,91,512,26,22,177,283,53,6,1,"3",-0.48759879759698
2012-06-23,81,472,16,35,116,296,60,8,2,"2",0.16819733291994
2012-06-24,97,542,23,19,212,279,51,7,3,"1",-0.53504000323573
2012-06-25,107,569,15,14,205,294,71,4,3,"3",-2.362779347052
2012-06-26,91,539,26,29,184,302,54,13,3,"3",2.19700317860697
2012-06-27,84,497,14,27,139,313,46,8,3,"2",-0.409580212634344
2012-06-28,84,477,24,25,163,265,50,7,2,"3",-0.137223594292703
2012-06-29,85,520,40,31,160,318,43,12,2,"3",2.97134907106187
2012-06-30,68,420,17,50,138,238,45,12,3,"4",2.37239110439422
2012-07-01,93,520,12,18,179,291,51,6,3,"2",-1.69992307616396
2012-07-02,88,522,34,56,151,306,66,11,1,"3",3.57769277051701
2012-07-03,104,575,22,23,184,322,70,6,3,"2",-0.717268981295525
2012-07-04,88,525,32,34,157,317,51,11,2,"3",2.23742177180153
2012-07-05,88,524,25,41,175,292,57,13,3,"3",2.77953549515691
2012-07-06,97,542,28,6,148,334,60,4,3,"2",-1.8750543859257
2012-07-07,95,551,28,24,194,299,58,12,4,"4",1.73770033913681
2012-07-08,64,368,57,13,99,222,48,7,1,"4",1.55331610340926
2012-07-09,86,466,23,7,94,301,72,3,3,"1",-2.50480882001581
2012-07-11,89,505,19,30,142,290,74,11,4,"2",1.09613099367992
2012-07-12,76,461,61,98,150,255,56,8,1,"4",6.79592539218705
2012-07-13,95,525,30,17,172,292,61,5,4,"4",-0.804834636176398
2012-07-14,96,523,21,10,171,285,67,6,3,"4",-1.49633211681915
2012-07-15,88,490,25,14,168,264,58,8,4,"3",-0.336241342813506
2012-07-16,98,535,20,10,204,267,65,9,3,"4",-0.580213367425942
2012-07-17,99,542,19,9,153,317,72,6,3,"3",-1.69286293579284
2012-07-18,99,527,19,13,181,275,71,5,2,"3",-1.80405841340726
2012-07-19,86,490,16,24,168,264,59,10,3,"4",0.227196833899959
2012-07-20,109,604,19,13,219,324,62,7,2,"3",-1.14595691351487
2012-07-22,93,556,22,35,174,324,58,13,3,"3",2.23965208532314
2012-07-23,96,513,23,10,175,271,68,4,4,"4",-2.01236661582079
2012-07-24,97,546,17,17,166,320,61,7,2,"4",-1.07016864207385
2012-07-25,100,578,22,30,185,328,65,12,4,"4",1.63828224496223
2012-07-26,88,508,22,31,150,299,59,9,3,"3",0.705593813206595
2012-07-27,95,525,20,14,162,300,63,6,3,"2",-1.34951034493275
2012-07-28,91,525,18,31,164,297,65,11,3,"3",1.07956131131749
2012-07-29,88,492,21,17,161,267,65,10,4,"3",0.201117609546221
2012-07-31,106,567,16,16,202,283,83,8,4,"3",-0.866615210655968
2012-08-01,45,310,76,191,114,157,40,4,1,"3",11.6103599807965
2012-08-02,101,535,14,13,208,258,69,6,3,"3",-1.83017516568793
2012-08-03,86,454,20,16,163,220,71,6,2,"2",-1.24058270876687
2012-08-04,96,557,25,14,174,332,52,10,3,"2",0.32186015707888
2012-08-05,107,587,13,15,188,326,73,7,3,"2",-1.46323028002122
2012-08-06,100,565,20,22,179,328,59,6,3,"2",-0.913799800269212
2012-08-07,85,490,27,21,166,269,55,11,2,"2",1.17422463449642
2012-08-08,94,531,17,20,161,318,53,5,3,"3",-1.56487868771741
2012-08-09,100,563,31,29,195,304,64,9,4,"4",1.23596768104906
2012-08-10,90,506,25,13,150,297,60,7,3,"3",-0.719755910842642
2012-08-11,95,539,34,17,179,307,53,7,3,"4",0.137400865497475
2012-08-12,102,570,15,26,199,315,57,6,2,"2",-1.0511120301643
2012-08-13,98,544,25,19,195,283,67,9,3,"4",0.2651284975474
2012-08-14,89,493,45,17,151,286,56,4,3,"3",-0.0683828794420134
2012-08-15,91,514,30,7,163,302,49,5,3,"3",-1.34947281700582
2012-08-16,98,570,32,34,212,302,56,12,4,"2",2.56647252174772
2012-08-17,102,573,12,18,170,326,77,11,2,"2",-0.0546693264329907
2012-08-18,87,484,51,28,146,265,73,10,2,"2",2.93122462181975
2012-08-19,94,549,17,48,197,293,60,12,2,"3",2.26346346822834
2012-08-20,100,541,30,13,173,296,72,5,3,"3",-1.02268990850817
2012-08-21,94,532,31,19,146,317,69,9,3,"3",0.691329500219631
2012-08-22,96,568,38,33,213,302,54,15,3,"3",3.92536195617559
2012-08-23,101,569,33,21,208,305,56,9,4,"4",0.94232413727626
2012-08-24,101,540,43,9,211,265,65,6,4,"3",0.0119410748960889
2012-08-25,89,499,39,17,179,265,56,8,1,"3",0.821619117670528
2012-08-26,98,565,17,29,223,281,61,16,3,"3",2.5448539244372
2012-08-27,97,565,40,9,171,349,45,7,3,"4",0.127891323506166
2012-08-28,98,538,45,22,190,285,64,7,3,"3",1.19108846081128
2012-08-29,88,507,27,20,175,290,42,6,4,"3",-0.525492933317493
2012-08-30,93,531,32,26,161,315,56,6,3,"3",0.156457477407021
2012-08-31,87,504,23,35,148,302,55,8,4,"2",0.665431836037544
2012-09-01,93,515,31,25,192,265,59,7,3,"4",0.3600109088249
2012-09-02,101,568,30,30,172,317,80,11,3,"2",1.87749949857901
2012-09-03,92,536,23,32,186,295,56,12,1,"3",1.81824338157349
2012-09-04,64,408,26,53,110,259,39,11,1,"3",2.8460333127052
2012-09-05,92,479,18,10,167,235,77,5,2,"4",-2.03848336810146
2012-09-06,95,529,28,20,186,285,58,7,3,"4",-0.125408682925928
2012-09-07,73,393,29,6,118,216,59,6,2,"3",-1.14591938558795
2012-09-08,92,518,21,11,147,311,60,6,3,"3",-1.44186829873621
2012-09-09,92,500,32,27,171,259,70,7,3,"3",0.539972045436157
2012-09-10,94,517,20,17,155,298,64,5,4,"4",-1.51516964063012
2012-09-12,96,551,24,11,188,323,40,5,3,"3",-1.55781854734629
2012-09-13,100,531,15,7,176,283,72,4,3,"4",-2.7440260736326
2012-09-14,96,520,18,6,169,290,62,4,3,"3",-2.58538939037942
2012-09-15,92,504,28,14,153,283,69,7,2,"4",-0.452191591423584
2012-09-16,91,497,50,9,177,267,54,5,2,"2",0.180124828067499
2012-09-17,103,546,15,9,179,291,76,5,3,"3",-2.30604768752052
2012-09-18,93,520,26,13,181,291,49,5,4,"3",-1.30682391028966
2012-09-19,90,511,16,10,154,300,58,8,4,"4",-1.19339811915362
2012-09-20,70,448,135,17,93,327,29,8,1,"4",7.64083516042623
2012-09-21,123,695,17,25,227,402,67,7,4,"3",-0.634458097410307
2012-09-22,104,555,16,27,173,300,82,4,4,"3",-1.58371621152837
2012-09-23,96,520,31,14,184,270,67,7,3,"4",-0.239091090087468
2012-09-24,96,526,42,14,180,287,59,4,4,"4",-0.444874835026957
2012-09-25,93,515,20,17,157,291,67,8,3,"3",-0.528017390791538
2012-09-26,96,557,25,44,209,281,67,15,3,"4",3.60102844929812
2012-09-27,105,582,23,24,191,320,71,7,3,"3",-0.262720912821018
2012-09-28,92,526,29,33,180,288,59,10,3,"2",1.64080670243628
2012-09-29,88,480,24,10,164,253,64,7,3,"3",-0.954180865536841
2012-09-30,88,483,21,8,144,268,72,9,2,"3",-0.618107503146455
2012-10-01,76,435,31,18,135,258,42,4,3,"3",-1.00838806759428
2012-10-02,82,459,18,20,137,267,55,6,3,"4",-1.16479443732584
2012-10-03,100,534,19,12,183,282,70,5,2,"3",-1.8585222314902
2012-10-04,105,558,11,16,187,289,82,7,3,"2",-1.55083346282902
2012-10-05,97,571,31,39,179,331,62,12,3,"3",2.76775811171706
2012-10-06,99,527,15,19,195,253,80,8,2,"2",-0.774257256852512
2012-10-07,95,540,23,23,178,312,50,6,3,"2",-0.646235480850153
2012-10-08,108,594,32,26,213,299,82,12,4,"2",2.13076197708418
2012-10-09,96,531,40,28,184,277,70,9,2,"3",1.82080536697446
2012-10-10,99,562,30,22,183,320,59,8,2,"3",0.454636704076894
2012-10-11,93,521,33,19,162,299,60,6,3,"3",-0.153755748728205
2012-10-12,80,501,24,88,145,298,58,12,1,"4",4.93925069466364
2012-10-13,95,563,24,35,141,361,62,10,3,"4",1.3945668363753
2012-10-14,95,541,21,29,175,306,60,8,3,"3",0.196581926649144
2012-10-15,97,526,54,24,197,262,68,7,2,"4",1.93931760098551
2012-10-16,94,490,16,6,129,283,79,2,3,"4",-3.38555789116255
2012-10-17,93,482,33,6,150,258,75,3,3,"3",-1.84893763364504
2012-10-18,61,325,41,26,121,143,61,8,2,"3",1.45386048130775
2012-10-19,112,613,17,7,176,359,79,6,2,"2",-1.94385757284947
2012-10-20,107,571,33,15,207,288,76,6,3,"3",-0.371611021059975
2012-10-21,101,550,25,9,200,285,65,7,4,"3",-0.937611183174412
2012-10-22,114,626,18,10,218,338,71,8,3,"3",-1.05133111826288
2012-10-23,91,493,26,10,149,281,63,4,2,"3",-1.79926611448468
2012-10-24,90,518,33,16,160,310,48,7,1,"4",0.011903546969161
2012-10-25,98,527,32,13,174,280,74,7,3,"4",-0.222521407725039
2012-10-26,93,504,21,8,146,289,70,5,3,"3",-1.93431050293123
2012-10-27,87,458,34,1,137,258,63,2,3,"4",-2.37927397356057
2012-10-28,98,517,16,15,164,266,88,7,3,"2",-1.2501297786851
2012-10-29,81,471,29,20,136,286,49,8,2,"2",0.274675567465637
2012-10-30,110,607,17,17,197,329,82,10,4,"2",-0.083016392235267
2012-10-31,93,521,36,24,169,283,69,9,2,"3",1.3188160928612
2012-11-01,75,376,21,19,131,171,74,4,3,"4",-1.66425925396505
2012-11-02,99,541,29,16,169,298,75,7,3,"3",-0.272230454812327
2012-11-03,88,481,26,10,148,267,66,7,3,"4",-0.812113864646097
2012-11-04,92,514,16,11,151,311,53,4,3,"3",-2.45513730085545
2012-11-05,83,457,21,17,146,256,55,4,4,"4",-1.77318689013094
2012-11-06,94,512,19,24,161,272,80,9,3,"3",0.111246585289881
2012-11-08,122,637,5,4,197,351,90,2,3,"4",-4.27585403222753
2012-11-09,90,476,32,25,168,237,71,5,3,"3",-0.227057090622115
2012-11-11,65,350,15,8,91,209,51,3,3,"2",-3.01861300549585
2012-11-13,100,565,11,21,181,324,61,8,4,"2",-0.949463622468115
2012-11-14,103,557,18,22,193,289,76,8,3,"4",-0.397765301267569
2012-11-15,94,520,30,16,180,275,65,8,2,"4",0.127853795579239
2012-11-16,99,537,20,12,186,281,70,7,2,"3",-1.12938723115244
2012-11-17,86,489,34,20,154,279,57,8,2,"4",0.629843069692496
2012-11-18,96,511,12,22,196,240,76,8,2,"2",-0.8239663039398
2012-11-19,106,583,24,14,181,327,76,8,3,"3",-0.407274843258878
2012-11-20,74,392,26,39,132,194,66,4,3,"4",-0.219815390079344
2012-11-21,113,599,15,14,200,314,85,6,3,"2",-1.70467784715961
2012-11-22,96,524,26,29,186,268,70,8,4,"3",0.551749428876004
2012-11-23,102,564,23,8,199,316,50,4,3,"3",-2.12129425198668
2012-11-24,82,428,24,5,108,247,73,3,2,"2",-2.54270295573633
2012-11-25,107,595,27,15,188,341,67,7,3,"2",-0.468761273786013
2012-11-26,103,585,30,17,183,339,64,10,2,"2",0.840419113554568
2012-11-27,87,510,43,13,156,299,55,12,3,"3",2.20410084690502
2012-11-28,94,518,40,42,175,261,83,11,3,"2",3.24140032002804
2012-11-29,86,522,19,50,164,302,57,14,1,"3",3.17255960517735
2012-11-30,85,479,32,39,135,275,70,8,3,"3",1.52258861237766
2012-12-01,95,534,28,15,167,302,65,10,4,"4",0.589424476497939
2012-12-02,107,581,37,20,217,292,73,8,3,"2",0.842943571028612
2012-12-03,90,525,36,18,149,328,48,6,3,"3",0.00488093452496846
2012-12-04,109,603,19,33,214,315,74,9,4,"4",0.601420948036364
2012-12-05,106,584,25,27,208,306,70,8,4,"3",0.371788292264747
2012-12-06,94,578,30,45,196,343,40,13,4,"4",3.35255826971554
2012-12-07,85,507,31,60,160,297,51,9,2,"3",2.92434604162028
2012-12-08,105,593,22,23,206,324,64,9,3,"3",0.269883268543054
2012-12-10,103,539,30,10,192,270,77,4,2,"2",-1.51513211270319
2012-12-11,91,528,22,50,149,313,66,9,1,"3",1.7404063567825
2012-12-13,116,625,20,6,223,334,69,5,4,"4",-2.11427163954249
2012-12-14,102,590,33,25,198,331,62,13,2,"3",2.4763824093928
2012-12-15,95,533,26,22,180,283,70,11,4,"4",1.15765495213399
2012-12-16,97,549,33,28,189,291,70,12,3,"2",2.31072311369544
2012-12-17,81,464,42,31,139,267,58,9,2,"2",2.12626382211403
2012-12-18,79,471,31,61,143,273,56,9,3,"3",2.97880985970322
2012-12-19,102,561,23,18,196,296,70,8,3,"2",-0.26045307137248
2012-12-20,98,548,25,15,172,310,66,9,3,"3",0.0472732252156299
2012-12-21,94,509,25,6,150,296,63,2,3,"2",-2.74625638715421
2012-12-22,77,450,19,36,149,246,55,11,2,"2",1.42291390217758
2012-12-23,101,583,18,24,186,336,62,11,3,"2",0.698314584736896
2012-12-24,83,463,21,31,145,251,68,9,4,"4",0.634560312761223
2012-12-25,87,515,28,52,153,299,63,11,2,"3",2.93363649551301
2012-12-26,96,553,41,26,196,304,54,11,2,"3",2.44101273114633
2012-12-27,75,418,30,10,122,245,51,5,2,"4",-1.186081362757
2012-12-28,89,545,21,78,158,317,70,15,2,"2",5.16866426233668
2012-12-29,92,533,32,36,157,306,70,13,3,"2",3.0044509078598
2012-12-30,89,504,16,45,177,263,65,10,4,"3",1.37093701364175
2012-12-31,90,505,19,31,170,273,63,8,3,"3",0.163442561924286
2013-01-01,98,539,15,37,176,271,92,13,4,"3",1.85134521837142
2013-01-02,92,528,34,43,168,296,65,10,2,"4",2.54061238549256
2013-01-03,79,459,47,53,133,256,70,12,2,"4",4.66678757200421
2013-01-04,95,523,23,21,192,264,68,10,3,"3",0.561039882768735
2013-01-05,113,608,13,10,190,336,83,7,4,"2",-1.73554937043593
2013-01-06,73,438,44,35,141,254,44,11,2,"3",3.14428759522893
2013-01-07,89,484,27,36,159,247,79,9,3,"2",1.33308040584817
2013-01-08,106,566,24,34,208,265,94,11,3,"2",1.66915376823855
2013-01-09,86,492,20,17,152,286,55,8,3,"2",-0.528017390791538
2013-01-10,93,500,19,27,186,239,75,9,2,"3",0.274638039538709
2013-01-11,92,516,13,25,178,273,66,11,2,"3",0.397610900592979
2013-01-12,96,563,28,26,164,337,62,12,2,"3",1.84662797530269
2013-01-13,90,503,29,21,173,267,64,9,3,"4",0.658190135494773
2013-01-14,89,505,15,19,173,271,61,11,2,"3",0.212894992986068
2013-01-15,90,527,37,29,190,288,49,11,2,"4",2.32027018361367
2013-01-16,96,559,22,26,162,334,63,11,2,"3",1.09137622268427
2013-01-17,98,602,21,58,217,331,55,18,4,"3",5.06654015051641
2013-01-18,101,584,51,51,198,320,67,12,3,"3",4.84199393761981
2013-01-19,91,520,16,43,156,292,72,11,3,"2",1.59106012742206
2013-01-20,85,489,40,52,169,254,67,11,3,"2",3.78603850085747
2013-01-21,91,497,43,14,172,265,60,6,2,"3",0.284260165310802
2013-01-22,80,476,26,32,140,287,50,10,2,"3",1.37324238301722
2013-01-23,92,522,82,25,190,285,48,6,1,"3",3.65366868159267
2013-01-24,84,462,81,7,145,258,60,6,2,"4",2.60228645565434
2013-01-25,85,469,43,42,147,256,67,6,4,"4",1.80924707163319
2013-01-26,90,504,14,13,144,299,61,6,3,"3",-1.83017516568793
2013-01-27,112,607,20,17,198,331,79,7,3,"2",-0.857068140737731
2013-01-28,91,537,22,28,185,298,55,13,3,"2",1.85840535874254
2013-01-29,98,551,31,24,184,297,71,11,3,"2",1.62175009052673
2013-01-30,96,524,25,18,189,273,63,7,3,"3",-0.447436820427929
2013-01-31,95,524,29,16,167,285,73,9,2,"3",0.38587104508006
2013-02-01,87,508,36,45,168,285,56,9,2,"4",2.462556272603
2013-02-02,87,496,20,27,141,297,58,6,2,"3",-0.641480709854499
2013-02-03,87,498,29,30,142,300,56,6,3,"4",0.161212248402676
2013-02-04,86,465,42,10,165,240,60,6,3,"3",-0.00462860746634053
2013-02-05,84,474,37,28,135,277,63,7,3,"4",0.949603365745959
2013-02-06,106,584,15,24,181,325,79,8,3,"3",-0.5019381664378
2013-02-07,91,523,24,41,161,299,64,9,1,"2",1.39229899492676
2013-02-08,84,487,27,78,151,270,66,7,1,"4",2.96245926543937
2013-02-09,88,482,40,17,162,261,59,6,2,"4",0.234551118223514
2013-02-10,104,587,14,16,185,341,62,7,3,"3",-1.3377329614929
2013-02-11,94,522,15,19,160,300,63,6,3,"3",-1.4323587567449
2013-02-12,110,601,16,11,202,333,66,5,4,"2",-2.12608655090926
2013-02-13,84,466,32,1,147,280,40,2,3,"4",-2.52134097445132
2013-02-14,108,591,23,22,178,332,81,7,3,"3",-0.371648548986903
2013-02-15,92,521,28,40,175,291,55,5,3,"3",0.305766178840536
2013-02-16,105,581,11,15,181,328,72,8,4,"3",-1.27624653096577
2013-02-17,93,526,27,19,158,308,61,7,3,"2",-0.250906001454243
2013-02-18,85,486,43,10,173,271,43,7,4,"3",0.395455642925225
2013-02-19,104,558,33,11,183,290,86,9,3,"3",0.397685956446835
2013-02-20,83,472,43,19,136,287,49,4,3,"2",-0.101522244166872
2013-02-21,97,534,25,24,166,297,72,6,3,"3",-0.449704661876467
2013-02-22,89,502,19,17,144,304,54,5,3,"2",-1.58620314107549
2013-02-23,89,495,21,31,157,277,61,5,3,"3",-0.68164268702355
2013-02-24,100,560,13,14,199,305,56,8,3,"3",-1.18864334815797
2013-02-25,97,538,20,16,173,292,74,10,3,"3",0.0756202910179062
2013-02-26,89,496,30,21,154,293,49,2,2,"3",-1.57413161368321
2013-02-27,81,438,33,4,134,250,55,3,2,"2",-1.95786526981092
2013-02-28,82,464,35,34,153,263,49,5,2,"3",0.476217773460484
2013-03-01,78,444,35,27,139,259,47,4,2,"3",-0.234079703066307
2013-03-02,102,552,20,13,189,296,68,6,3,"3",-1.40397416301569
2013-03-03,97,530,26,7,176,299,55,4,2,"3",-1.9626575687335
2013-03-04,93,522,28,5,167,314,42,2,3,"3",-2.58761970390103
2013-03-05,107,586,9,5,194,334,59,3,3,"3",-3.60820546241691
2013-03-06,99,561,5,24,217,305,39,5,2,"4",-2.1994254207301
2013-03-07,109,628,49,44,216,350,63,10,1,"2",3.66057871025608
2013-03-08,108,583,6,6,202,311,71,6,3,"3",-2.7796898958315
2013-03-09,103,578,24,20,190,328,60,6,3,"2",-0.738593434653609
2013-03-10,91,514,44,21,178,289,48,6,2,"4",0.736540392336771
2013-03-11,110,615,32,11,195,361,60,4,3,"3",-1.3186012937295
2013-03-12,93,545,15,11,174,336,36,6,3,"3",-1.86806930140844
2013-03-13,102,590,2,9,191,356,44,6,3,"2",-2.90043244336416
2013-03-14,94,543,21,28,199,293,52,10,3,"2",0.800219608458588
2013-03-15,99,544,21,10,172,310,62,5,2,"3",-1.82538286676534
2013-03-16,92,509,21,8,177,282,50,4,3,"3",-2.26336125287742
2013-03-17,109,601,1,9,205,339,57,4,4,"3",-3.62956744370192
2013-03-18,100,526,40,11,196,263,67,4,4,"2",-0.750333290166528
2013-03-19,91,513,3,14,186,283,44,5,2,"4",-2.88613060245027
2013-03-20,102,568,2,8,195,325,49,3,3,"3",-3.94204851128568
2013-03-21,89,495,2,13,147,290,58,5,3,"3",-3.01162792097858
2013-03-22,98,534,3,4,172,305,58,4,4,"3",-3.75981953322589
2013-03-23,77,425,1,2,135,252,39,1,4,"3",-4.99796642012109
2013-03-24,85,503,15,21,162,304,37,7,2,"4",-0.99438037063282
2013-03-25,93,507,5,4,175,281,52,3,4,"4",-3.94680328228134
2013-03-26,94,523,1,13,164,301,58,5,4,"3",-3.08266142142395
2013-03-27,86,492,3,10,141,308,44,4,4,"3",-3.43303662472823
2013-03-28,101,551,1,2,212,293,47,4,3,"3",-4.01081417028252
2013-03-29,100,537,2,3,195,286,56,2,3,"3",-4.54341835164659
2013-03-30,103,554,1,11,183,304,67,4,3,"2",-3.52063980753603
2013-03-31,42,232,3,2,63,145,25,1,1,"3",-4.85589941923035
2013-04-01,102,537,2,3,152,309,76,2,3,"2",-4.54341835164659
2013-04-02,83,458,17,10,143,264,52,4,3,"2",-2.43856761849302
2013-04-03,106,561,20,9,189,299,73,2,2,"3",-2.93803243513224
2013-04-04,78,427,22,9,113,254,60,4,3,"3",-2.13786393434911
2013-04-05,95,522,23,36,150,299,74,5,3,"2",-0.267256595718094
2013-04-06,96,510,23,10,189,257,65,4,4,"3",-2.01236661582079
2013-04-07,100,530,34,15,202,252,76,7,4,"2",0.0284732293315904
2013-04-08,99,520,23,16,179,264,78,5,3,"3",-1.35653295737694
2013-04-09,63,390,56,161,171,166,54,7,1,"2",9.54292767923938
2013-04-10,100,561,10,8,168,338,55,5,4,"3",-2.71567900783032
2013-04-11,102,559,33,10,188,308,63,6,4,"3",-0.643930111474687
2013-04-12,104,587,22,20,191,331,66,9,4,"2",0.106491814294227
2013-04-13,93,513,21,74,178,267,68,3,3,"2",1.00219999065059
2013-04-14,100,568,24,24,192,326,51,6,3,"3",-0.520738162321839
2013-04-15,97,555,34,19,194,310,51,8,3,"3",0.575379251609554
2013-04-16,106,573,22,17,206,291,76,8,2,"3",-0.385950389900794
2013-04-17,84,452,100,14,176,214,63,8,1,"4",4.99127119058939
2013-04-18,100,569,39,54,205,294,70,11,2,"4",3.82393263657798
2013-04-19,111,621,29,16,208,353,60,6,2,"3",-0.60128120475852
2013-04-20,68,383,28,37,114,223,46,2,3,"2",-0.844777525246872
2013-04-21,79,447,20,21,114,276,58,6,3,"2",-0.968263618352154
2013-04-22,83,459,28,11,157,255,47,4,3,"3",-1.60273529551099
2013-04-23,93,529,17,43,169,297,64,7,2,"2",0.345890628082659
2013-04-24,105,594,27,30,190,330,74,11,4,"3",1.6643989972429
