WPM,Accuracy
70.2471151325281,0.981412639405205
80.9762013034008,0.989159891598916
74.0623733171948,0.988326848249027
88.5403383028155,1.0
76.6165151923203,0.986725663716814
64.4639961483439,0.993421052631579
77.059112295788,0.986798679867987
69.9937632679394,0.978378378378378
68.4738064036541,0.984326018808777
58.7477856649792,0.981132075471698
79.9515318643998,0.993333333333333
69.7095759227275,0.979381443298969
73.0223708131453,0.977142857142857
68.1443799831568,0.982578397212544
76.0908174267251,0.988679245283019
81.541627033465,1.0
78.6978812765133,0.98494623655914
71.045186066369,0.986206896551724
78.1524670980955,0.983552631578947
81.0846855605536,1.0
77.0944289206272,0.986486486486487
80.5067239117094,1.0
80.5449656419944,0.993333333333333
77.5929180012175,0.982035928143713
74.7672343843241,0.983935742971888
75.6669609738544,0.989795918367347
79.73318098279,0.987577639751553
72.0207212377879,0.986238532110092
72.5323704554907,0.988
64.1227532065019,0.977099236641221
86.1655197470658,1.0
71.1906269121441,0.987951807228916
63.1191088532286,0.973451327433628
69.5906462488164,0.990430622009569
80.1220026361552,0.996610169491525
73.069771510058,0.985401459854015
77.3627081686919,0.989473684210526
75.0479951551995,0.992957746478873
70.3685587747491,0.992727272727273
76.9603917142274,1.0
80.2944918774543,0.984555984555985
72.7779230700608,0.975155279503106
84.9029940120092,0.991803278688525
69.5015446708851,0.990384615384615
85.7925488490535,0.995850622406639
73.702339624884,0.990909090909091
78.7415195246064,0.995454545454545
77.9486304075946,0.992700729927007
83.4752603308455,1.0
73.9091750015342,1.0
70.1704744425327,0.983739837398374
67.1475337909198,0.985401459854015
83.6581260882911,0.985507246376812
86.1019825395629,1.0
77.2605021391401,0.99622641509434
75.9032166161013,1.0
73.0335062625712,0.996268656716418
75.329344259993,0.9921875
72.7422989823271,0.984732824427481
74.6826997491722,0.989010989010989
82.0513985721637,0.985185185185185
73.5744790639353,0.988826815642458
81.6113632765182,0.990950226244344
79.7151260227477,1.0
1.13335783945749e-05,0.982832618025751
73.5738477862914,0.985074626865672
90.7245163637085,1.0
68.6038427139713,0.98019801980198
69.1441704978482,0.978991596638655
65.2823652884155,0.978021978021978
82.1943025296063,0.991596638655462
78.7707681005452,1.0
74.3657859823935,0.983974358974359
61.5046658155255,0.975155279503106
79.7516827118382,0.985882352941176
62.9151211109818,0.969101123595506
73.57346119952,0.98876404494382
74.1501067804944,0.995670995670996
56.6398714330871,0.959016393442623
61.9710738931099,0.967213114754098
64.3631192637664,0.983606557377049
91.1702720053212,0.995850622406639
72.8703171480646,0.991150442477876
76.1049319934622,0.993630573248408
80.0450648660674,0.99
71.7894365950538,0.982378854625551
86.3872610153468,0.991596638655462
84.3801499417549,0.993127147766323
68.7534315494164,0.981707317073171
75.3757503153252,0.981549815498155
67.8293892008198,0.988023952095808
79.4080209183879,1.0
64.3341863375132,0.973451327433628
72.8871221895018,0.988235294117647
65.4521785155776,0.975409836065574
72.8167053478252,0.992805755395683
62.1017425511857,0.976047904191617
66.4400914765192,0.9812734082397
62.7706966502917,0.980645161290323
77.7161783206803,0.996197718631179
67.7181068140731,0.966292134831461
67.8529501245638,0.98876404494382
65.5607693762065,0.972789115646258
68.2022890283361,0.991304347826087
88.1006506991705,0.995867768595041
73.865095769177,0.986577181208054
72.3742626761273,0.983471074380165
75.7887636683605,0.980645161290323
83.2760654037016,1.0
60.7057455350044,0.977099236641221
77.1944669550363,0.979253112033195
77.3288196009664,0.993670886075949
68.9778414028458,0.982378854625551
60.3077272940621,0.990147783251232
75.4875311206731,0.995934959349594
70.8648344495631,0.981308411214953
77.7478459006328,0.993569131832797
85.5469417548984,1.0
73.8623220486354,0.991769547325103
55.644961532206,0.982954545454545
76.294710450015,0.983606557377049
85.1214744060547,1.0
69.216305238021,0.991266375545852
62.4869406864231,0.993288590604027
71.4442620875695,0.987124463519313
74.2750661080235,0.991150442477876
83.1310614070094,0.996240601503759
81.7349151341642,0.989761092150171
77.0649485580259,0.992857142857143
90.7584393283189,0.99250936329588
86.5821062077609,0.993548387096774
83.6577077740786,0.98876404494382
71.8363280167547,0.988461538461539
87.175155282689,0.997429305912596
70.6515346994103,0.984771573604061
80.8662931910398,0.995934959349594
71.0705582673469,0.984732824427481
74.5423793354676,0.977859778597786
76.6163626668375,0.986301369863014
73.0743609735141,0.98
68.4623457442287,0.993006993006993
81.7882973731373,0.977941176470588
74.3125878564137,0.979381443298969
78.8044919110454,0.996415770609319
57.7300452630682,0.959016393442623
57.7465746744403,0.983606557377049
70.7861057947246,0.976653696498054
77.1554738452894,0.980263157894737
73.4624319364227,0.980582524271845
72.7927415780915,0.984790874524715
78.0774310563959,0.988970588235294
76.4726453617318,0.984
74.69951990879,0.987341772151899
66.4536368736805,0.994117647058824
76.5924172986917,0.980392156862745
71.1142853774627,0.991189427312775
66.3123629258897,0.98
62.8410628293126,0.980263157894737
77.0140127486699,0.980327868852459
69.5480154911614,0.976377952755906
76.0356636721825,0.991549295774648
58.8290091073748,0.971786833855799
95.3079908263934,0.995833333333333
70.7734711089328,0.980645161290323
84.0845449012755,0.991769547325103
65.5547597855593,0.980295566502463
74.8688508611409,0.978448275862069
77.4762830790988,0.975845410628019
84.1270071355078,1.0
73.0152591694507,0.992805755395683
89.4947074957817,0.993993993993994
68.2822584424278,0.963636363636364
79.1118898509338,0.981818181818182
74.743055954446,0.976
76.8486581918244,0.976833976833977
83.1648994414122,0.983606557377049
79.355549746955,0.987654320987654
85.7454964762678,0.986842105263158
63.2750461780745,0.951768488745981
86.8313615563479,0.98921832884097
76.2010794438287,0.985074626865672
80.7631782871103,0.987394957983193
74.5588241079934,0.976303317535545
78.0281308817038,0.988636363636364
80.861149592282,0.982758620689655
72.0773729397513,0.985915492957746
78.7536318031641,0.991189427312775
75.3505662176232,0.98974358974359
87.0206490947549,0.987394957983193
72.7568993273599,0.974468085106383
77.3756915826497,0.986784140969163
64.456687700618,0.988023952095808
74.0526678543662,0.976744186046512
76.5814385460902,0.983805668016194
74.766336442386,0.986784140969163
63.9499601864051,0.977777777777778
84.7555280227968,0.991379310344828
74.683854309475,0.983957219251337
71.3217862373435,0.97008547008547
62.2001580741679,0.961977186311787
68.119414565377,0.992395437262357
83.9219981603509,0.995934959349594
63.8183489739518,0.973262032085562
88.3170343725385,0.99250936329588
76.9955288379311,0.984251968503937
79.4866349965989,0.986206896551724
65.5212996505912,0.960352422907489
79.6756867261063,0.991416309012876
69.5121223860792,0.98159509202454
82.0449160164567,0.990066225165563
76.3609682216619,0.981395348837209
69.3278617983111,0.976377952755906
75.9640167559194,0.993127147766323
71.4112806135978,0.979423868312757
71.203754819212,0.971563981042654
83.9984178171304,0.986622073578595
78.3444680275307,0.982332155477032
82.6210084795753,0.980769230769231
72.1360666425414,0.982817869415808
69.5599634572969,0.984
89.197129339911,0.996515679442509
90.1047856294219,1.0
80.103582903589,0.988929889298893
74.9083856454311,0.982683982683983
76.5953948025896,0.992565055762082
88.3140116981157,1.0
87.6510875606155,0.992217898832685
75.0427909198945,0.987854251012146
60.1155806661284,0.968531468531469
67.521434972445,0.973597359735974
80.4254567178968,0.98533724340176
79.6976507973722,0.996941896024465
82.7137780983782,0.986206896551724
74.0584483261745,0.986784140969163
80.7565211837981,0.985663082437276
81.4675867710566,0.996138996138996
79.6024657070301,0.98804780876494
88.8385848982871,1.0
88.7796540698266,0.987854251012146
79.9768791260468,0.993006993006993
75.1241478061676,0.98
73.7257566998373,0.976608187134503
86.9744085820488,0.992518703241895
75.2992042178893,0.979661016949153
85.4122211006275,1.0
63.1660959696809,0.973509933774834
89.3407796789186,0.996363636363636
80.3520308831328,0.988023952095808
93.7291478744896,0.994475138121547
74.6998385874004,0.986798679867987
85.4962135902707,0.983164983164983
71.4786859245929,0.982683982683983
76.9120393692066,0.982195845697329
77.8154387327865,0.992395437262357
83.2786391996287,0.984615384615385
71.8823121927242,0.986072423398329
85.8703311228699,0.991452991452991
85.0151021599235,0.982062780269058
93.5547009108407,0.984313725490196
88.346209474458,0.981735159817352
93.2415789707939,0.995744680851064
92.2816361459938,1.0
86.2108537416927,0.988095238095238
83.281880269733,0.988571428571429
93.7865118896053,0.996428571428571
81.3207809870825,0.974193548387097
91.5167847076906,0.989010989010989
83.0232145507437,0.990147783251232
82.6853163412249,0.982456140350877
69.8184545417665,0.975460122699387
92.7051594366981,0.995652173913044
73.6674705150385,0.991869918699187
94.2570920320446,0.992424242424242
76.2077235295977,0.96969696969697
73.152133376578,0.978354978354978
89.0273741501838,0.993031358885017
85.6337732323461,0.985663082437276
79.7781776147301,0.995515695067265
77.3382182675403,0.972789115646258
83.6737046529646,0.990712074303406
88.7976226469497,0.98744769874477
94.4214070974364,0.994152046783626
98.8331066268849,0.996466431095406
82.5908919388184,0.979057591623037
82.2144378859462,0.987341772151899
85.3630352054993,0.990697674418605
93.8650058675446,0.992932862190813
85.5863735497111,0.984293193717278
82.8278504031084,0.984168865435356
78.5140402275469,0.995744680851064
87.5096997880908,0.978991596638655
73.8474577892824,0.976047904191617
84.2067258405918,0.996062992125984
72.1449896252302,0.967914438502674
79.8506366353742,0.983957219251337
71.557391739665,0.987179487179487
67.0712432363418,0.979057591623037
76.4693619478581,0.98728813559322
105.937748495384,1.0
97.8823753267658,0.989208633093525
84.2543466983989,0.985781990521327
93.03306861526,0.989547038327526
82.3904231650246,0.995169082125604
96.0517644366692,0.990228013029316
84.9686864970147,0.986784140969163
82.838216070482,0.979768786127168
70.0515977666141,0.976588628762542
83.5461792140462,0.991525423728814
68.9359026364244,0.964071856287425
92.350568891131,0.99288256227758
84.4560173571317,0.972067039106145
85.1992649804011,0.992
80.7896358664523,0.990712074303406
75.5730518479857,0.983213429256595
87.6641220400371,0.990936555891239
86.5635852602254,0.985507246376812
92.6497099635333,0.993865030674847
91.6529016506437,0.996710526315789
69.7874056152931,0.976303317535545
71.3523970618358,0.980988593155893
68.3182397396789,0.976303317535545
71.0334702163522,0.987704918032787
64.0547211099159,0.973094170403587
76.1577464375699,0.98326359832636
64.8893226928301,0.980295566502463
85.5216936008247,1.0
85.019987922144,0.987096774193548
68.6726135698407,0.962809917355372
76.5254884738126,0.982062780269058
91.6359133475792,0.990353697749196
76.4057409167438,0.980295566502463
85.6901613048362,0.991416309012876
94.687947058048,1.0
89.8137434633584,0.995652173913044
85.3455132868799,1.0
91.1715485012642,0.991573033707865
80.917448674827,0.991902834008097
89.3377337171508,0.993265993265993
67.6672324191718,0.980392156862745
84.1955045539475,1.0
79.9768419851051,0.981981981981982
94.1834885870465,0.993220338983051
85.3001487493349,0.982035928143713
89.2041025560023,0.995614035087719
78.2506898616237,1.0
74.6869151613977,0.980769230769231
82.363790903057,0.990338164251208
74.1976216400625,0.980988593155893
81.9708369983765,0.98974358974359
94.1907078741112,1.0
79.4407593570895,0.993006993006993
82.6442901883298,0.983739837398374
69.1903685981415,0.962790697674419
77.626056083876,0.986046511627907
72.1350863836478,0.978632478632479
76.3056086935032,0.986013986013986
86.8772114939774,0.987878787878788
88.5256653614244,1.0
90.9563168449332,0.98744769874477
85.8228320236681,0.988826815642458
97.156517182336,1.0
88.9630800887208,0.990990990990991
74.7252999356829,0.975609756097561
71.5665412425977,0.964125560538117
73.0044378852944,0.982062780269058
73.5302069488826,0.982935153583618
85.2833253414382,0.994535519125683
90.9056306065859,0.990654205607477
85.3670831218486,0.996197718631179
77.7221399992695,0.991416309012876
75.9078085758541,0.982857142857143
75.7799766599279,0.982993197278912
77.8988773590851,0.986046511627907
58.3770921376135,0.962962962962963
92.5715934486724,0.986449864498645
81.6121733879419,0.992405063291139
93.8806141316609,0.994949494949495
83.5849621045142,0.993220338983051
87.4095429258748,0.987714987714988
85.7654212469944,0.993311036789298
97.6103393162398,1.0
78.9364129260991,0.985611510791367
84.6504995645778,0.98469387755102
74.3527734156341,0.98014888337469
84.1974827914177,0.991561181434599
70.4885746761665,0.98326359832636
85.8017018999622,0.995594713656388
62.3866834444608,0.973509933774834
95.182566117168,0.991228070175439
85.4515664804323,0.980645161290323
77.225233528761,0.977678571428571
84.3893870685337,0.994974874371859
84.8087739818922,0.987124463519313
81.9922584628335,0.991304347826087
86.3661776922214,0.982269503546099
86.4588937131164,0.991489361702128
97.1691725758442,1.0
92.7750167684888,1.0
87.2920182023559,0.98780487804878
73.9126535653927,0.971428571428571
79.6782271739589,0.986111111111111
67.8606362902275,0.982078853046595
67.781122157782,0.974025974025974
70.8511254580407,0.986225895316804
75.4717013167581,0.978461538461538
83.5488729802208,0.993399339933993
76.3205039544482,0.985865724381625
77.5086153660848,0.97841726618705
85.3133036820298,0.992042440318302
63.5578967497137,0.970212765957447
76.4351633954971,0.982905982905983
78.7586524492658,0.971428571428571
77.4981620680329,0.982905982905983
65.9343566889531,0.956284153005464
80.8159930369747,0.994535519125683
88.6106698546948,0.987012987012987
77.9488354965625,0.991869918699187
85.6988913369078,0.991769547325103
80.4949517172538,0.974842767295597
86.6627909975795,0.992227979274611
68.523351219691,0.978260869565217
76.0123233221412,0.971428571428571
69.02314170092,0.973094170403587
93.4632626028186,0.996655518394649
77.4312146614065,0.986394557823129
83.3969298972217,0.98936170212766
95.8985888434275,1.0
82.139274341922,0.987755102040816
78.8356116842137,0.994285714285714
86.5989778261764,0.996491228070175
82.5416119262696,0.995951417004049
84.3169244479893,0.995884773662551
75.150306832553,0.994011976047904
79.5373225200023,0.984375
81.7037029881575,0.980295566502463
80.9503950538174,0.989510489510489
67.528039481651,0.982857142857143
88.9101995384753,0.991189427312775
73.4635464045584,0.978142076502732
85.1232047586927,0.991017964071856
89.0471438246833,1.0
87.5441482905382,0.984555984555985
69.467442639134,0.94980694980695
77.4113264201431,0.969111969111969
91.4301797351169,0.989090909090909
83.4174954467982,0.979757085020243
88.0966933577289,0.990415335463259
82.2045592097347,0.980952380952381
85.6577176608727,0.986842105263158
69.3388539488305,0.967914438502674
74.8777292559396,0.978609625668449
79.0421071323956,0.989130434782609
68.4135929252335,0.974468085106383
82.9272876154951,0.983606557377049
76.229392211893,0.982857142857143
74.3932485884325,0.981707317073171
81.887902012494,0.991869918699187
72.4503385039118,0.988304093567251
97.6703696636967,1.0
88.3295315195558,0.994152046783626
70.9910853493794,0.978448275862069
61.7868606037436,0.97071129707113
80.9138712074927,0.991869918699187
81.6624630408697,0.990697674418605
90.6441982176069,0.98780487804878
89.2850296312234,0.991031390134529
92.7444767333644,0.983122362869198
77.3526019867312,0.989247311827957
70.4203219256587,0.981203007518797
90.6438674656196,0.99290780141844
84.857248097811,0.988732394366197
80.2489424420952,0.975510204081633
72.3095957567688,0.987551867219917
84.7128627120956,0.990867579908676
68.4500992096562,0.974820143884892
81.3883119907996,0.994535519125683
69.671098840971,0.985401459854015
79.4228602724267,0.993548387096774
75.1999876593844,0.988679245283019
56.8812551937233,0.968036529680365
78.6627595181102,0.988326848249027
76.0676507203964,0.991031390134529
76.9016356485123,0.983471074380165
64.6842970800094,0.979423868312757
91.4413465911114,0.995983935742972
69.3855433791461,0.959798994974874
82.4947072707741,0.984924623115578
83.0440434367585,0.987234042553191
68.7631470785796,0.985185185185185
81.2268679077257,0.987146529562982
75.0153446176174,0.984326018808777
83.8523203266859,0.995652173913044
76.5542416535657,0.99236641221374
83.2054463818848,0.984802431610942
75.8498173781259,0.975669099756691
89.3690673440744,0.990712074303406
76.3448215323636,0.985663082437276
92.1728263348521,1.0
88.195690194349,0.99749373433584
81.1291659570972,0.996197718631179
81.2580416679758,0.991769547325103
53.8748188031982,0.93048128342246
88.5054421679244,1.0
63.2845417726628,0.994285714285714
89.2795204789789,0.99625468164794
77.1815973857209,0.985507246376812
77.2326080602883,0.983132530120482
70.7888004312524,0.981424148606811
75.6822592988698,0.987394957983193
84.7260975890226,0.989071038251366
76.1265829668307,0.984496124031008
91.1995840676521,0.992592592592593
69.245568451449,0.971311475409836
72.2435119714769,0.982078853046595
81.5101674106501,0.991869918699187
82.0922557685997,1.0
69.2569889393604,0.980314960629921
77.3405082774881,0.991031390134529
68.1985634776666,0.978540772532189
69.8202197625776,0.98744769874477
87.8198188029282,0.987654320987654
88.3770649231765,0.994285714285714
78.2386857285837,0.984790874524715
70.8162480769277,0.976744186046512
91.2957591104678,0.990683229813665
87.2142379641319,0.99581589958159
72.6108177584972,0.988593155893536
64.9843006592515,0.971326164874552
81.6980065438237,0.989285714285714
85.8365524059953,0.987730061349693
83.2785975989193,0.992248062015504
83.6596712139478,0.994011976047904
85.3632925638514,0.988950276243094
77.9685382110929,0.98005698005698
76.9948747149223,0.976833976833977
62.651723476112,0.961038961038961
88.883058364794,0.992805755395683
88.4544187948866,0.993710691823899
91.3770235681555,0.988679245283019
86.5862447719552,0.992125984251969
88.9827771125024,0.993055555555556
76.3784599590592,0.989304812834225
97.3111191529925,1.0
94.5960217122208,0.993197278911565
82.8124164705757,0.98406374501992
68.9967778589461,0.979757085020243
87.3309696354043,0.982978723404255
74.8299220683485,0.989304812834225
84.8232820198373,0.991525423728814
91.6185802166056,0.995348837209302
91.6795152001515,0.99163179916318
83.4556324879436,0.981735159817352
89.6871233356638,0.98937583001328
78.3530384375271,0.984732824427481
84.9597348558727,0.991803278688525
59.601876986188,0.982062780269058
78.6552647518237,0.986725663716814
82.0699347594202,0.980582524271845
95.3024454283307,1.0
102.32485141042,1.0
89.6529840790027,0.986547085201794
82.3033130708784,0.985507246376812
82.3627988928388,0.984025559105431
76.1137175807464,0.994285714285714
78.9822586529637,0.995744680851064
72.0071355144437,0.993197278911565
76.9031534755261,0.986159169550173
74.2592929908357,0.99625468164794
87.4518107927539,0.98371335504886
79.4906635132598,0.985454545454545
84.2177943370497,0.982905982905983
80.0495083584642,0.976608187134503
86.8172931414989,0.991379310344828
75.9033783543671,0.98159509202454
90.0177665063017,0.986842105263158
76.5568293289131,0.985611510791367
87.5206094751809,0.976190476190476
82.4393781171294,0.986970684039088
85.1535081621296,0.991266375545852
85.775517688678,0.992592592592593
100.944904514365,0.996282527881041
102.593114763246,1.0
83.261993122704,0.991111111111111
68.6532982978711,0.973509933774834
87.9409124271163,0.984567901234568
79.8414805620851,0.982300884955752
84.6307550166634,0.987234042553191
77.9146906312951,0.984293193717278
83.3365267774542,0.988721804511278
85.0078347584189,0.991769547325103
82.5729310804672,0.986725663716814
88.2953302577223,0.988023952095808
86.7858345475978,0.980456026058632
79.041056113794,0.984326018808777
90.8215834758795,0.992307692307692
84.1514339934975,0.987421383647799
92.1104124972447,0.992452830188679
92.005331567679,1.0
89.1724851337058,0.986159169550173
79.4885627935422,0.986301369863014
90.0702316949659,0.990228013029316
77.1794866884931,0.971731448763251
75.8506323870275,0.983402489626556
74.7908229608562,0.990521327014218
86.7263354207143,0.98943661971831
90.820066034864,1.0
89.9822276715888,0.99236641221374
80.0646038149295,0.984251968503937
98.1392086029529,0.996996996996997
90.494032090183,0.995348837209302
87.5285928098526,0.981203007518797
77.2368118167142,0.984790874524715
93.3828283018815,0.991666666666667
74.4071954379385,0.986754966887417
86.2101928541399,0.989106753812636
79.7129623442615,0.989100817438692
96.2577270937372,1.0
85.8404480040051,1.0
85.9175238818569,0.988549618320611
76.4284171219787,0.983957219251337
82.5920089366864,0.98744769874477
69.5691430958282,0.974468085106383
70.1442581539825,0.973333333333333
77.7424244757667,0.987394957983193
79.0008048236681,0.985185185185185
75.8593430255152,0.984962406015038
80.8521956205204,0.995073891625616
86.5289273316075,0.978991596638655
94.4558113841923,0.995260663507109
83.7309425949016,0.98961937716263
80.5929538208808,0.986046511627907
87.6105446321426,0.988416988416988
81.0334582019083,0.982062780269058
75.1593772236625,0.982532751091703
88.0525140748136,0.992592592592593
95.367247841178,0.984848484848485
92.7668758214669,1.0
76.8950207464137,0.97841726618705
80.2115663314932,0.98744769874477
78.9888658013621,0.983516483516483
83.4571383246584,0.996466431095406
89.5827456950254,0.993569131832797
68.5056021067845,0.975845410628019
77.7045752572483,0.973282442748092
77.0119670391737,0.982708933717579
85.1256769676619,0.988142292490119
73.448934738887,0.971563981042654
75.358256814243,0.984
68.8024543993752,0.964028776978417
73.6103969236088,0.985611510791367
88.4700711376119,0.99250936329588
75.00193878242,0.972789115646258
76.603977195017,0.991701244813278
78.9971598212469,0.983240223463687
74.3942353559698,0.978102189781022
65.5472750243754,0.973384030418251
72.3020644206459,0.987096774193548
63.7788263462896,0.977859778597786
81.6305766194268,0.980237154150198
80.5388775085261,0.986301369863014
65.1348082660421,0.97119341563786
77.545891706032,0.985454545454545
71.6581853963229,0.967637540453074
67.8694506515714,0.973045822102426
86.1819344836075,0.993762993762994
67.8991503085045,0.981651376146789
81.4662925649923,0.987468671679198
79.1070232623885,0.985250737463127
78.9188966388451,0.988593155893536
65.2995529925182,0.980295566502463
77.2546974519798,0.987603305785124
66.6263165485505,0.978609625668449
64.8609902507998,0.964285714285714
85.1906813567921,0.996153846153846
73.9129705979373,0.983957219251337
70.8383065021617,0.969026548672566
82.2883756648303,0.991189427312775
70.2243883251978,0.985507246376812
62.8156947898764,0.978142076502732
84.4725206731093,0.996835443037975
66.7186009348145,0.976047904191617
89.5669196805281,0.990853658536585
80.3482341442181,0.99203187250996
83.9502707309713,0.995708154506438
69.3689256772775,0.987096774193548
78.9363148644474,0.991379310344828
61.3006822664801,0.962085308056872
71.8298032664814,0.971563981042654
79.0237398777349,0.985119047619048
78.567086535426,0.98371335504886
87.6896390608445,0.991561181434599
66.2363798766066,0.972027972027972
85.0056614505495,0.988416988416988
77.2632008611356,1.0
88.7761234236984,0.984802431610942
78.7488953481866,0.985865724381625
91.625551202453,0.987854251012146
66.2571709667175,0.973821989528796
83.45021184222,0.983471074380165
87.0366206087501,0.987654320987654
69.2993088377593,0.975903614457831
87.025343838666,0.988023952095808
71.9500427556982,0.973214285714286
77.0705581057351,0.986301369863014
83.4694096669358,0.983050847457627
85.9814197158292,0.986301369863014
91.5841455336361,0.991304347826087
80.9248852152439,0.984293193717278
85.1075644286566,0.987654320987654
77.0389842713091,0.984520123839009
96.1997003784126,0.992673992673993
72.3126376684106,0.980295566502463
77.5686058937708,0.984375
66.3455881902457,0.968553459119497
76.7369349363589,0.974842767295597
88.3958756432172,0.991379310344828
81.931627095319,0.99236641221374
76.2483114082486,0.981617647058823
81.0977095960274,0.990338164251208
85.7231099892382,0.989655172413793
71.5949834466252,0.978181818181818
92.3367106610198,0.995708154506438
84.1259757060168,1.0
77.2798324165011,0.98
72.4528242432778,0.985507246376812
73.5414665913922,0.978260869565217
85.7989383156128,0.990338164251208
69.4614095899298,0.967213114754098
73.1572985909332,0.988023952095808
82.2602596545059,0.983818770226537
73.7403355314191,0.972477064220183
80.0671435550387,0.991189427312775
68.3121245862061,0.982062780269058
87.5089476081063,0.995698924731183
70.7276284319054,0.983098591549296
71.3760885523971,0.986607142857143
69.4834379121729,0.993710691823899
79.7720757743868,0.978174603174603
67.6451097020182,0.975450081833061
89.8587302048276,0.996078431372549
68.0869660499204,0.971014492753623
81.8556054880774,0.991836734693878
78.2165489538745,0.990147783251232
81.4122299226494,0.99203187250996
72.0647907464026,0.978609625668449
73.3775891961117,0.980132450331126
83.0338780594081,0.988304093567251
93.2287899126195,0.992156862745098
85.8537723507796,1.0
85.2480168637031,0.985119047619048
88.7198870371252,0.995260663507109
83.9833778855156,0.995918367346939
71.4804017922425,0.986394557823129
80.9390256854305,0.986193293885602
82.3911231936609,0.994301994301994
88.1323123921455,0.992277992277992
77.9438770957845,0.982857142857143
92.5044459609629,0.991573033707865
79.0043857754144,0.986301369863014
98.8620099002311,1.0
78.9805883064162,0.988826815642458
87.3326418402944,0.985294117647059
84.9409520546327,0.987854251012146
77.7412433233774,0.96830985915493
82.9829615491278,0.99009900990099
69.646686456342,0.967078189300412
55.4978570436192,0.970037453183521
84.7287901936889,0.995614035087719
83.3191712244739,1.0
81.7541845001323,0.98501872659176
82.4348976921592,0.986301369863014
76.9113363979187,0.987124463519313
68.7363247150414,0.982456140350877
90.2971201857822,0.983471074380165
83.0847913959035,0.983240223463687
83.3611872042389,0.988452655889146
75.1714731742572,0.981941309255079
97.5571719668467,0.993670886075949
80.0779584135001,0.983957219251337
82.0923008840833,0.983870967741935
88.6732612224331,0.994974874371859
78.9985440917906,0.973333333333333
81.365363171249,0.993569131832797
81.0579192458533,0.983193277310924
81.2870764239632,0.989304812834225
89.8166086374541,0.986301369863014
76.2969471341404,0.982332155477032
89.7005859699038,0.996168582375479
76.2582468366584,0.979591836734694
86.7823561569841,0.991097922848665
88.267842357826,0.99388379204893
83.9725293703464,0.98220640569395
69.7081356389091,0.973568281938326
97.365806146139,1.0
76.2291174740225,0.986046511627907
77.3368206257287,0.968
82.4957025258883,0.980694980694981
89.2211535323638,0.989495798319328
84.741952400515,0.986522911051213
86.5694780864946,0.985029940119761
82.8425964287721,0.990825688073395
86.3776768441492,0.985955056179775
68.0532341672019,0.970845481049563
78.3609878205907,0.974683544303797
83.0492231442369,0.986547085201794
90.41979197181,0.996124031007752
89.0878530767729,0.993197278911565
78.2395319446408,0.98015873015873
77.2813999226943,0.984313725490196
84.1722446935889,0.97910447761194
70.6251977895471,0.975476839237057
88.8812399162646,0.991596638655462
69.968776426466,0.970059880239521
74.3310647360534,0.975806451612903
74.1414386023518,0.987341772151899
74.8588128683448,0.982638888888889
86.1296975359188,0.991489361702128
78.6495382109366,0.988549618320611
63.672201012035,0.970760233918129
77.6039555649647,0.97864768683274
79.4339493992348,0.989830508474576
83.2609508497961,0.987903225806452
85.2501453696197,1.0
78.2864037839664,0.986531986531986
65.1559133648251,0.97119341563786
78.4795536529929,0.984375
74.9588516023423,0.993650793650794
82.8580494859503,0.990853658536585
74.1059676301214,0.977578475336323
89.1806836817769,0.996363636363636
76.7157040382661,0.985507246376812
75.719903671146,0.987394957983193
72.0506447548649,0.975369458128079
71.7265514197126,0.974358974358974
62.9203784390385,0.951482479784367
72.9599122879466,0.973045822102426
64.7853395577367,0.978540772532189
72.4805456843039,0.990990990990991
86.7498455274835,0.995454545454545
71.5775307811791,0.968503937007874
71.0986207670012,0.984251968503937
86.1727392562092,0.991379310344828
77.046712644806,0.975460122699387
91.2298251126137,1.0
68.0910830223431,0.983193277310924
85.3215048926093,0.988847583643123
75.3170003084627,0.982062780269058
97.2074593316364,0.995260663507109
85.5455654352854,0.994764397905759
84.7649255988919,0.986842105263158
77.6551052952772,0.977777777777778
82.5561265606302,0.981735159817352
84.2521952321955,0.99250936329588
87.6147720605547,0.986970684039088
93.9065299427746,0.996363636363636
91.6783495827231,0.993127147766323
79.9231747282047,0.994011976047904
88.1033751543916,0.991525423728814
76.9233504428402,0.979487179487179
81.845930585603,0.992217898832685
80.7501348758758,0.986784140969163
83.1167232788191,0.988721804511278
69.030987685353,0.976303317535545
83.3451172988721,0.98326359832636
71.650271832275,0.98974358974359
78.4362825487368,0.986725663716814
81.2981550140968,0.987012987012987
80.8401354399323,0.984126984126984
80.440682289076,0.984924623115578
97.4193369913212,0.997150997150997
89.6491969925619,0.994413407821229
83.2799253433897,0.979827089337176
76.3533110444097,0.982278481012658
72.7430858567292,0.985645933014354
78.7430055518221,0.987730061349693
86.0096557457434,0.990740740740741
78.9391690227848,0.995670995670996
67.3155412388164,0.981651376146789
91.8426388196369,1.0
75.698710817897,0.989071038251366
87.9741429091549,0.992957746478873
82.223694446315,0.981132075471698
68.2506025257339,0.979865771812081
72.1610290699815,0.991549295774648
75.301777280173,0.976190476190476
80.8601963569965,0.995670995670996
84.3427710029659,0.996428571428571
90.2697107659591,0.993710691823899
86.4095858906107,0.98406374501992
69.6635671530028,0.982378854625551
92.0731756247923,0.988505747126437
79.5819432562041,0.98876404494382
90.0205979475638,0.995798319327731
81.565928365563,0.992805755395683
81.2235926449135,0.983739837398374
78.0850145787119,0.979094076655052
95.609920335102,0.993769470404984
80.7804421016566,0.987234042553191
75.0974101646306,0.987755102040816
96.1359947172614,1.0
75.6010640376541,0.98728813559322
81.3761145030754,0.99236641221374
80.9790788334289,0.982758620689655
80.8349436347026,0.974358974358974
80.7563915251401,0.987654320987654
78.7742920438485,0.986394557823129
80.1699818658039,0.987951807228916
70.8824462522041,0.972111553784861
84.5056117662614,0.986842105263158
80.4021867429169,0.992592592592593
80.1278425650598,0.988439306358382
86.1882506490168,0.992395437262357
89.3879276935733,0.987341772151899
83.4044570158375,0.991769547325103
78.9431445226728,0.990867579908676
83.3428475224527,0.992805755395683
86.827672706126,0.982456140350877
79.2479987010442,0.978723404255319
76.9629543999105,0.98695652173913
78.0264246555536,0.986206896551724
68.3786648552235,0.97752808988764
87.7677573184261,0.994609164420485
69.7251419225344,0.973244147157191
83.2045759714258,0.985185185185185
81.6544390022846,0.986784140969163
87.5825094949754,0.98469387755102
93.0875312439793,0.98744769874477
93.9875134262549,1.0
62.6661684201775,0.977859778597786
102.441983838341,0.995850622406639
69.7999740458718,0.97841726618705
79.1386548145153,0.982300884955752
64.1772058088508,0.959798994974874
81.5237550878086,0.994974874371859
84.54266870627,0.989547038327526
78.6779904238906,0.976744186046512
88.3121365035518,1.0
64.0018809620818,0.980132450331126
79.9615680570675,0.977272727272727
79.6875252143292,0.992125984251969
82.2576457341987,0.984126984126984
71.0768674286397,0.976608187134503
84.4244565023936,0.986725663716814
86.8128915271603,0.989304812834225
85.5822048226734,0.978540772532189
73.2113261632107,0.974025974025974
65.5099419593698,0.981884057971015
70.2087472269966,0.976303317535545
93.200884170277,0.986175115207373
67.3606238826907,0.954285714285714
68.3177736817628,0.977142857142857
91.4130992061988,0.988326848249027
76.6511765836542,0.982978723404255
92.0213563359851,0.996598639455782
68.7344309474777,0.976744186046512
86.7903985881931,0.992395437262357
79.164845640558,0.98159509202454
96.6119796612702,0.994609164420485
87.3132272731343,0.991902834008097
93.8869324547847,0.99250936329588
89.2111762784274,0.995169082125604
69.5943878822022,0.973684210526316
65.4644221232214,0.981042654028436
81.4028838281886,0.986725663716814
81.4360730544963,0.985148514851485
68.9225572840458,0.971563981042654
69.8848533539161,0.981549815498155
72.3753484016938,0.98804780876494
80.8576014952734,0.995633187772926
76.6765563564045,0.993197278911565
84.4893084216137,0.985849056603774
78.8720849221842,0.981735159817352
89.0843874062497,0.992
83.3680416772282,0.98974358974359
90.2368313811749,0.990291262135922
70.9756645564921,0.986394557823129
87.3006519132388,0.990566037735849
73.9742939280944,0.977859778597786
87.5126638877018,1.0
71.3358147139023,0.984251968503937
90.7603624256915,0.984
80.9856335256994,0.983050847457627
87.9514316185479,0.982608695652174
85.2938636224244,0.985221674876847
83.7217305474556,1.0
75.0783844579557,0.99236641221374
83.140613822861,0.986531986531986
69.2291428750127,0.969899665551839
77.9595704247745,0.986622073578595
81.5189865704033,0.976109215017065
90.6457363357971,1.0
94.3769752305734,0.988929889298893
70.9982656368267,0.969040247678019
83.0377499786125,0.987616099071207
87.0947739204249,0.984662576687117
75.6256362102201,0.98501872659176
81.3655353077309,0.983922829581994
82.7096405032153,0.989830508474576
92.6846146439474,1.0
78.1259547417198,0.984732824427481
77.865041940117,0.97265625
78.3651705027583,0.989830508474576
104.08881232743,0.995145631067961
91.6012310756,1.0
93.9073156186479,0.990950226244344
83.3453390251506,0.987096774193548
99.4330801803781,0.992125984251969
88.202711853517,0.994974874371859
78.7942374822119,0.99236641221374
83.7838861814087,0.993548387096774
70.5198829481442,0.991111111111111
73.5479337821217,0.990521327014218
80.8027157043196,0.991596638655462
69.6098941972155,0.977142857142857
94.7650223826711,0.995475113122172
90.976647564843,0.995260663507109
81.4654002018741,0.982222222222222
82.9720566176504,0.995169082125604
86.4403870998385,0.996
89.0101098878589,1.0
85.0112599678941,0.992619926199262
85.6623142422448,1.0
88.1437145763944,0.995575221238938
85.2626836714444,1.0
87.4872763011176,0.982300884955752
87.0697652349183,0.995073891625616
93.5485136301164,0.996884735202492
78.5355756591358,0.983539094650206
76.0338506576659,0.976525821596244
79.7159268455633,0.977653631284916
88.6365773688675,0.993055555555556
72.6495132186607,0.984313725490196
78.4060402103908,0.987068965517241
83.3499495028589,0.995594713656388
85.1084436845566,0.987234042553191
79.8028992255903,0.994652406417112
75.5130397201329,0.98406374501992
78.7187693567094,0.986547085201794
90.6211146403506,0.985981308411215
91.1558705611639,1.0
89.4135543468164,0.995633187772926
76.6074280959825,0.98159509202454
80.1596996582156,0.977443609022556
86.1760577598593,0.990697674418605
72.8982901525281,0.972477064220183
66.5788236010414,0.963470319634703
72.6720532506527,0.986301369863014
79.9500190685779,0.990196078431373
71.2830770453741,0.982456140350877
78.6089738818018,0.969924812030075
78.5538764849447,0.987915407854985
84.7661228382083,0.990384615384615
73.8776792564101,0.975845410628019
80.8413622773577,0.989830508474576
77.8339552267279,0.978165938864629
72.1692032885275,0.984293193717278
87.2001256751682,0.99250936329588
78.8087280923614,0.985781990521327
86.8117831843389,1.0
74.16718366236,0.993197278911565
89.295373353645,0.987124463519313
88.5340530828162,1.0
83.8946433000774,0.981981981981982
80.5166525744282,0.990338164251208
79.9085796298704,1.0
72.7422237136155,0.987421383647799
76.0638622560416,0.995121951219512
67.1870761049713,0.992125984251969
74.5870329418914,0.995495495495496
81.16290714938,0.992592592592593
89.7891457198419,0.98780487804878
72.2676300659617,0.97037037037037
78.4391008631144,0.991097922848665
89.30004510507,0.993031358885017
84.8609284968853,0.98744769874477
81.1507467010405,0.995515695067265
74.8935100440856,0.986440677966102
75.3509753433207,0.986547085201794
90.8594209788467,0.996309963099631
76.2286419251689,0.995073891625616
83.8610769751981,0.990338164251208
85.4939349938086,1.0
88.3183768410495,0.99609375
81.6693475054033,0.984924623115578
79.8573254644413,0.978991596638655
80.88053207711,0.995169082125604
84.0460958217889,0.996268656716418
72.4837404882982,0.984924623115578
75.2533655934229,0.987755102040816
91.4638686040695,1.0
96.6482283846863,0.991150442477876
90.4364787767258,0.988304093567251
84.3683895658381,0.992673992673993
87.9722883960743,0.989528795811518
95.4929770627506,0.993569131832797
85.0687687632764,0.995169082125604
89.4546638097182,0.988235294117647
83.028202329251,0.989528795811518
77.7803148862607,0.990566037735849
65.9939023345514,0.981651376146789
85.6420483058558,0.991150442477876
97.9185108155063,1.0
85.9006341010026,0.992248062015504
53.3536600461011,0.958974358974359
64.4752753805599,0.979487179487179
80.2180786072894,0.9923273657289
70.1660718722189,0.982708933717579
84.5963070533923,0.992337164750958
83.6609499771534,0.988571428571429
84.7833610765507,0.992094861660079
76.4942897595908,0.995744680851064
84.5445463132321,0.989445910290237
76.1249733705811,0.983651226158038
89.5971913103067,0.98695652173913
85.1490260727922,0.99203187250996
94.507848466227,1.0
80.219871435648,0.992592592592593
77.3830851861417,0.985964912280702
75.4616062594927,0.98974358974359
75.8607622841801,0.985549132947977
65.8559775861673,0.980281690140845
74.5563851194156,0.978723404255319
67.5295879938036,0.982708933717579
73.4287320735821,0.976878612716763
71.3104872345733,0.980926430517711
86.1732776758338,0.995169082125604
78.5739659582971,1.0
89.6524538430471,0.987854251012146
84.5610833134473,0.984293193717278
94.2389198004375,0.987603305785124
83.8362515976279,0.986784140969163
79.9531254882781,0.979253112033195
69.8713516430878,0.982578397212544
87.9347333460974,0.995260663507109
79.2375935625537,0.985221674876847
70.1676233105401,0.978723404255319
69.2532674215889,0.98406374501992
82.320681413456,0.996389891696751
84.4812568222467,0.989949748743719
79.794963385664,0.987951807228916
78.2558538004089,0.994974874371859
97.1969953242457,1.0
87.4704168681726,0.993377483443709
69.9907296036127,0.976958525345622
70.1600944634637,0.978723404255319
92.7134702130452,0.995744680851064
70.5278681262771,0.98159509202454
86.4868833744015,0.990610328638498
92.7594811350246,1.0
95.7487928554813,1.0
89.23638994926,1.0
91.6421754441685,1.0
93.5059905873504,1.0
79.1767027996048,0.977443609022556
89.673193862414,0.99625468164794
90.1408332688493,0.987068965517241
100.435446527616,1.0
77.7934057593257,0.982658959537572
83.5025704741811,0.989966555183946
77.1706821835456,0.989285714285714
69.3149082232745,0.983539094650206
77.165660771915,0.990384615384615
88.0589473666809,0.992125984251969
93.413274543309,1.0
79.1101084494652,0.993377483443709
83.2209348531656,0.986842105263158
86.9215733983566,1.0
91.4873045922834,0.987603305785124
65.4401414632817,0.969325153374233
85.9787500279817,1.0
71.7732677365705,0.982935153583618
63.7366036001054,0.966824644549763
85.7945896108452,0.996865203761755
61.9861216859535,0.965714285714286
77.2184993817813,1.0
86.1061284146815,0.997282608695652
70.0860598690947,0.978494623655914
89.0028960508034,0.989473684210526
70.4664854478749,0.974910394265233
88.4118239257576,0.995475113122172
76.2501536055591,0.977142857142857
85.32184903227,0.988439306358382
69.8290169828379,0.984709480122324
77.8095020875013,0.988472622478386
83.3098138733976,0.990825688073395
88.2869931080831,0.992673992673993
72.4331902838197,0.991902834008097
97.4888386069059,0.995726495726496
82.9782526863748,0.981132075471698
95.8051333757342,0.990566037735849
72.4383533179939,0.976608187134503
93.3609233675844,1.0
81.7209672870143,0.986394557823129
78.1486865564453,0.970338983050847
90.0708305039916,1.0
95.4702859110518,0.986531986531986
89.7314049100205,1.0
79.8242227484649,0.991596638655462
70.6939176829655,0.979020979020979
89.091985845302,0.99622641509434
83.0280521990086,0.988023952095808
87.2154797843339,0.987124463519313
76.0221596474311,0.976047904191617
91.3062571451302,0.996296296296296
73.4629154491545,0.974874371859296
100.104197294251,1.0
75.8438841633486,0.992125984251969
87.5748490028966,0.981566820276498
73.5520755221673,0.986301369863014
82.2077771867336,0.98046875
76.8652780518149,0.982078853046595
79.9727848440132,0.977040816326531
90.2724437352052,0.99537037037037
78.7443257310325,0.988304093567251
92.3963934524777,0.990825688073395
81.6182078013637,0.988416988416988
93.1922364752351,0.992094861660079
83.8547818518229,0.989071038251366
63.2074876966689,0.9581589958159
78.702412688771,0.983498349834984
95.9866551410566,0.994100294985251
83.5653157009354,0.98804780876494
83.9131694453791,1.0
72.4540356562163,1.0
88.9083923646167,0.993127147766323
76.46581988756,0.985221674876847
96.6438605961773,1.0
61.1030614471694,0.965217391304348
67.1431727419846,0.970731707317073
81.0212669785004,0.994764397905759
80.4766547999959,0.989864864864865
82.5054299422454,0.991031390134529
68.7586846521768,0.974468085106383
87.072328158485,0.995260663507109
93.0857016551467,0.985915492957746
91.6088424394156,0.994871794871795
88.975662635307,0.992248062015504
67.4194099575459,0.962264150943396
83.9487557697204,0.981042654028436
97.7267034418665,0.995145631067961
80.8948443245348,0.992592592592593
77.631930497566,0.980487804878049
73.9843822944677,0.978723404255319
68.4589007194654,0.979591836734694
73.8436744187095,0.995169082125604
86.0133666515557,0.97923875432526
73.7478571165764,0.97787610619469
69.9043133706041,0.984924623115578
78.6919490594389,0.980842911877395
76.9262800380811,0.9800796812749
92.7801155556832,0.995327102803738
78.3827374394543,0.975460122699387
94.8729880777699,0.991341991341991
78.5094178004063,0.978609625668449
85.238987552433,0.987012987012987
81.2686635575017,0.994535519125683
90.6014007358528,1.0
88.2089729670042,0.993377483443709
100.608452682251,1.0
85.3136261185543,0.987915407854985
95.0614135929752,0.992
89.0459315770052,0.98744769874477
92.9010095188055,0.99601593625498
82.3812429582768,0.984615384615385
79.2407287999706,0.978902953586498
75.6206296919976,0.990697674418605
86.8572606322627,0.991150442477876
88.9003607103626,0.993197278911565
89.9856001247144,0.996376811594203
78.3703336800864,1.0
80.0794786269532,0.991666666666667
73.3630676722752,0.974842767295597
79.1319113751334,0.985294117647059
62.7101040873961,0.969899665551839
78.2542762470522,0.984905660377358
81.4320322813054,0.990697674418605
72.8609226602373,0.963470319634703
86.6528753070904,0.984293193717278
91.3657751356004,0.99537037037037
91.2963365595088,0.986013986013986
82.238829570147,0.99250936329588
82.4704691332552,0.987234042553191
83.7267585035417,0.983050847457627
84.0745440163998,0.982378854625551
80.0047467865404,0.98326359832636
77.8568174465653,0.979487179487179
84.4948967025251,0.982817869415808
84.0136772108544,0.995433789954338
96.036187575101,0.987124463519313
79.8728786045845,0.989304812834225
89.8864593073231,0.989090909090909
71.3958671559601,0.973094170403587
77.6986501030398,0.971153846153846
89.8831291939501,0.990625
79.1042591178729,0.992395437262357
93.7540437671579,0.995305164319249
82.5675980324498,0.989071038251366
89.3057654434652,0.995260663507109
96.0552283768965,1.0
87.1037006317253,0.986970684039088
83.7316315864813,0.993127147766323
86.336602181452,0.981203007518797
89.855050739944,1.0
80.615559396059,0.98134328358209
77.6922030807878,0.982683982683983
83.5893342757959,0.995708154506438
85.1992325349062,1.0
86.2373145713233,0.982394366197183
90.6592610102832,1.0
82.1575299980027,0.986702127659574
77.6381640038972,0.988593155893536
93.7833701118876,0.986111111111111
83.8714161833209,0.978723404255319
96.1267371719195,0.993103448275862
83.9610392092988,0.992932862190813
94.6979849567841,0.99537037037037
76.2625683024543,0.987421383647799
95.0475074960691,0.995867768595041
84.7864097743038,0.979591836734694
83.0784087993554,0.977477477477477
79.2522859611583,0.995744680851064
90.525220190487,0.990610328638498
78.3101872292485,0.990338164251208
79.0287087123535,0.987012987012987
81.668795012928,0.990147783251232
85.2002691292126,0.995594713656388
88.0551367374322,0.99537037037037
75.57414941298,0.984251968503937
90.1675566286637,0.990683229813665
77.3007876586843,0.985865724381625
99.7795795952767,1.0
79.5515772854099,0.987730061349693
84.1309660156353,0.982532751091703
74.1401019662016,0.988826815642458
87.6594491310756,0.985074626865672
79.3982411454323,0.97489539748954
82.5320144366653,0.982394366197183
78.7354895266505,0.996138996138996
82.2453291195273,0.991769547325103
67.4778703742522,0.980676328502415
88.3834765845796,0.990825688073395
97.4917174617918,0.995967741935484
79.0866540364861,0.981735159817352
79.9811847444107,0.976
84.9369498491846,0.987012987012987
99.4182339309701,0.989664082687339
84.8552942949867,0.983050847457627
99.6186759123754,0.991489361702128
81.4762795838631,0.986547085201794
79.5838991498439,0.987234042553191
96.2366899723116,0.990909090909091
73.809353354286,0.984293193717278
87.0249188216819,0.978632478632479
83.9882907659521,0.984326018808777
84.3589836005149,0.985795454545455
65.9481268083155,0.969072164948454
83.1483396322395,0.991561181434599
84.1206995285827,0.994652406417112
85.2442870512531,0.995327102803738
82.6869524661318,1.0
100.072833941797,0.995633187772926
86.858663711386,0.994652406417112
93.6345249574925,0.995215311004785
73.0936153124594,0.978142076502732
86.560523668575,0.986842105263158
75.5727665213355,0.978609625668449
99.5677804961985,0.995260663507109
74.3051032229742,0.976608187134503
95.8658675262666,0.991341991341991
85.599888675031,0.993865030674847
94.044393251951,0.99009900990099
76.4571749505073,0.98019801980198
72.6878507859086,0.975
93.2302194599857,0.989510489510489
83.4669105504625,0.992395437262357
88.9091799397771,0.988095238095238
85.6459297480039,0.995515695067265
77.3612648152255,0.981751824817518
71.9743230758505,0.982062780269058
84.3636980708156,0.989547038327526
88.5047484804281,0.994974874371859
69.7714664881214,0.972477064220183
72.2158115268883,0.982578397212544
85.8845877659053,0.980237154150198
91.9456798957348,1.0
84.3063533046223,0.992063492063492
77.5842895836855,0.986301369863014
82.9476381855089,0.995850622406639
70.7613345237133,0.978609625668449
84.5602951110545,0.991266375545852
77.169447956318,0.991596638655462
69.7018599294686,0.974074074074074
84.7835570379727,0.980327868852459
81.1018228070685,0.989830508474576
84.2195843902197,0.986622073578595
83.6477824494938,0.997014925373134
78.7586357176268,0.989655172413793
63.7912290657075,0.969325153374233
74.0330260602814,0.979757085020243
77.6240208635679,0.97907949790795
87.3115069980736,0.991228070175439
66.808951607063,0.9800796812749
86.1168088251795,0.991525423728814
81.5199009380946,0.983193277310924
83.365314824988,0.991666666666667
73.4945396147099,0.982035928143713
82.2544058172157,0.982532751091703
71.7068590144722,0.97489539748954
66.0067935205818,0.985645933014354
78.7080034352503,0.980769230769231
81.0526591530304,0.992592592592593
85.435002923453,0.986899563318777
73.2679210460621,0.988023952095808
93.0256825462404,0.993006993006993
88.0793193628153,0.996078431372549
88.4583021930016,0.985714285714286
91.0006876633591,1.0
81.6613304698631,0.988372093023256
74.5085618684664,0.987234042553191
91.6034907751651,0.988636363636364
77.901923868897,0.979757085020243
91.634041653815,0.994722955145119
75.0682214885102,0.987714987714988
76.6684935941948,0.972762645914397
85.1167183475912,1.0
91.4371442551916,0.988372093023256
81.2682267583278,1.0
88.0257741639514,0.983805668016194
76.0156841775882,0.986046511627907
87.7541169355498,0.9921875
83.3964124798096,0.991649269311065
81.4669209778466,0.995594713656388
75.9334743099396,0.993006993006993
69.8831058919352,0.977578475336323
77.2813433116837,0.989071038251366
72.7793059332966,0.983108108108108
76.1932862007897,0.98728813559322
74.9042219052386,0.989949748743719
86.7987247137961,0.980769230769231
69.0870835316806,0.989399293286219
85.8711203152419,1.0
86.8100474459961,1.0
95.5995791471383,0.995670995670996
92.0617263206666,0.995260663507109
79.0244305459146,0.980769230769231
85.2375803036694,0.982993197278912
85.0732522807573,0.984
76.2909877347431,0.982062780269058
91.5704318602678,0.985239852398524
78.7360156063927,0.977973568281938
103.576280464842,0.990049751243781
91.6997133882799,0.993377483443709
78.1682832653656,0.968379446640316
87.5812163476827,0.979057591623037
78.1185587936278,0.98406374501992
85.0815047084857,0.991489361702128
104.114544412201,0.996138996138996
89.144697150748,0.993377483443709
92.772813467992,0.987854251012146
88.8025546997713,0.995073891625616
75.9104582822419,0.981203007518797
81.6176438631338,0.98804780876494
73.717543483212,0.978448275862069
77.3911771129618,0.98744769874477
88.6454776294894,0.995633187772926
84.9708828792964,0.981308411214953
92.007405401675,0.995575221238938
89.886288318602,1.0
89.8802080058633,0.98695652173913
74.5728099604804,0.981132075471698
98.9036522859376,0.995850622406639
87.4969543086698,0.995073891625616
78.8258586932051,0.982142857142857
81.4875361615644,0.98974358974359
83.5047379922362,0.996197718631179
75.9512411401666,0.986394557823129
79.7798727397973,0.979166666666667
91.7968005718306,0.993399339933993
90.5695469606974,0.991967871485944
85.2444188872886,1.0
94.2427274633752,0.993920972644377
82.3904907203116,0.98804780876494
89.6128297013877,0.991111111111111
93.1606861044391,1.0
102.660442957037,0.996515679442509
84.2021068182919,0.989528795811518
90.9026616622947,0.995798319327731
82.0380989891268,0.984924623115578
91.5673220020076,0.991561181434599
94.9707866669007,0.993865030674847
83.5834553994289,0.980676328502415
79.7692549188349,0.976744186046512
96.3940566389776,0.993243243243243
69.6798843201621,0.956521739130435
90.8068674401183,0.987234042553191
86.4520541368423,0.99250936329588
82.2070064601082,0.990476190476191
96.5199099364575,0.99236641221374
101.351502597686,1.0
87.5384166227677,0.99236641221374
84.0216723363053,0.98159509202454
82.7791548614252,0.985754985754986
107.390480125461,1.0
100.852297179389,1.0
90.2712018927546,0.986111111111111
74.3764483474771,0.982035928143713
77.3367911764282,0.978021978021978
81.6115162763791,0.988603988603989
90.026928680893,0.995614035087719
77.6762087145275,0.983193277310924
76.2542613735913,0.974842767295597
81.6200505976315,0.989795918367347
76.6051033656326,0.987301587301587
79.7642092813434,0.991525423728814
70.6483664434082,0.976377952755906
78.1897583439939,0.986842105263158
79.8595224600071,0.994764397905759
97.7860709279143,1.0
80.97937363909,0.994413407821229
92.9569339974825,0.990610328638498
90.8584320708587,1.0
95.0569006175703,0.995169082125604
69.8639908969649,0.961290322580645
81.0449415152605,0.987096774193548
79.03507291637,0.984276729559748
73.5652065537141,0.980392156862745
76.9805940711343,0.990338164251208
92.8222718716714,1.0
99.8038454298465,0.993377483443709
82.6045057048162,0.988826815642458
97.1506238134648,0.991416309012876
84.1320905864156,0.991489361702128
81.0200626538808,0.982646420824295
73.7197637631572,0.980716253443526
97.402913937802,0.988970588235294
83.8086332039529,0.994652406417112
88.7725631424894,0.995614035087719
71.0595807055542,0.968036529680365
87.2461479332344,0.977272727272727
76.8014158816354,0.994535519125683
76.8618267934693,0.975845410628019
61.3404128121212,0.944723618090452
80.2903301537116,0.980544747081712
78.3402412330113,0.985507246376812
82.4969288337828,0.988847583643123
73.3286835109725,0.974874371859296
93.2540996851722,0.9921875
76.866887038129,0.983957219251337
93.3631212972306,0.988603988603989
74.8291850201162,0.96415770609319
89.51037367172,0.984615384615385
90.2680982848334,0.995073891625616
73.9819225278361,0.985250737463127
75.0134296416525,0.990228013029316
82.3805175735126,0.983253588516746
71.5684771594833,0.974304068522484
86.6269586988688,0.98406374501992
86.7429891363657,0.991341991341991
81.993612552818,0.988636363636364
86.9708530973109,0.99625468164794
105.804430791103,1.0
93.8464191170764,0.988023952095808
87.5783535438977,0.991111111111111
86.3017511555859,0.986547085201794
78.7062135766331,0.980952380952381
70.0537731143546,0.976377952755906
81.2474517338989,0.990430622009569
76.2691409423851,0.987730061349693
81.352573697777,0.987179487179487
86.6712655494788,1.0
103.219196520427,1.0
85.8175710977658,0.982608695652174
90.2630658369385,0.992982456140351
89.5489536605401,0.99601593625498
98.3908507198924,0.99601593625498
100.140126507336,1.0
91.429384218972,0.993865030674847
83.0523634633929,0.987301587301587
105.032772833562,1.0
85.0173226163779,0.983957219251337
88.3051837126726,0.991279069767442
76.7261101404124,0.986254295532646
86.9831832508606,0.987915407854985
86.0629358639264,0.993650793650794
81.0016276033182,0.985590778097983
81.5127530829476,0.996078431372549
80.9940779916977,0.991452991452991
83.5558979612381,0.987616099071207
97.7678119308326,0.995238095238095
82.8618509229672,0.994535519125683
87.9065959769835,0.990566037735849
66.0639064040307,0.979057591623037
81.3837195503195,0.982142857142857
83.1769166310299,0.990521327014218
101.555451133014,0.995073891625616
96.1605374011623,0.991869918699187
72.9347900364364,0.986725663716814
89.2705495946422,0.986394557823129
98.6391812735671,0.990762124711316
87.0189793355984,0.983805668016194
103.515430554168,0.995652173913044
90.8389641956623,1.0
92.1059179001223,0.991967871485944
76.8086736105148,0.993548387096774
74.3024450055258,0.977635782747604
72.0095297531598,0.991189427312775
91.742241849404,0.992217898832685
68.6972078859143,0.964824120603015
98.1490389591316,0.993150684931507
85.1472625239688,0.993197278911565
81.843938280603,0.993055555555556
66.319569622676,0.976833976833977
77.1895091538165,0.990243902439024
86.1070663642709,0.993377483443709
80.3232010622807,0.991666666666667
93.0204488525453,0.993377483443709
80.164343582675,0.986607142857143
76.6813003791586,0.982378854625551
98.2092321529351,0.995798319327731
83.4310608141884,0.993865030674847
89.8152208371126,0.992673992673993
91.1967354276559,0.992277992277992
86.7339634685954,0.990697674418605
77.5238686043923,0.979057591623037
93.6026315920828,0.98
78.8867689793419,0.982062780269058
100.650479542034,0.991150442477876
85.600286592295,0.995260663507109
94.722866600592,1.0
86.0213335739404,1.0
92.2150591147645,0.99618320610687
87.1496622104505,0.988571428571429
86.7257461127558,0.992125984251969
101.641259944178,1.0
77.9029268110765,0.982832618025751
71.7831737894566,0.98406374501992
88.0596920362705,0.98828125
77.6988638175737,0.974468085106383
95.2312288295782,0.986666666666667
85.1088197895952,0.984732824427481
99.0548240385012,0.987551867219917
92.7331671423929,0.983957219251337
103.053188965463,0.996350364963504
95.665416132798,0.994413407821229
103.553654299636,0.993569131832797
93.2899300046499,0.986301369863014
90.479065272968,0.982456140350877
96.035629532665,0.994974874371859
91.1200229246729,0.987460815047022
84.4165011536459,0.985294117647059
83.3316770264864,0.989304812834225
94.3295428898061,0.986798679867987
92.5889485197754,0.993127147766323
90.8204637150553,0.990338164251208
89.6485436715273,0.993710691823899
78.5278289391011,0.986425339366516
77.8617086494532,0.976303317535545
84.4248794708548,0.98828125
76.9810793731186,0.989528795811518
83.7572230543031,0.988805970149254
73.5111479157111,0.981735159817352
77.9890463007434,0.987012987012987
75.5276977810689,0.977099236641221
84.6034402611965,0.990909090909091
72.2541060590992,0.985781990521327
86.2268313547272,0.985185185185185
72.6145614044952,0.987654320987654
80.0802286755858,0.98728813559322
96.4417052440351,1.0
86.5583452117445,0.995951417004049
75.8828837269144,1.0
97.993385726215,0.995744680851064
79.1131199324188,0.976608187134503
83.4370330559839,0.984555984555985
76.8634415644594,0.990147783251232
84.0684597396002,0.990950226244344
72.0103612099842,0.984293193717278
85.2858929609952,0.989169675090253
81.4353257259686,0.986784140969163
93.4239877546052,1.0
87.5424499793134,0.994152046783626
89.7971629929672,0.9921875
87.3485448050533,0.991341991341991
82.1074913819802,0.987179487179487
94.2085233471696,1.0
88.2414659324544,0.995192307692308
70.9818387594565,0.979057591623037
73.0260280781541,0.981042654028436
82.7928728467143,0.990147783251232
79.8026103751053,0.986754966887417
84.3412684872755,0.992063492063492
82.0420462911702,0.990338164251208
98.856638894395,1.0
71.0741694828112,0.992592592592593
98.3874521173178,1.0
72.5554418576655,0.983240223463687
98.754752121685,0.991477272727273
99.7696861890469,0.996784565916399
87.9705803813409,1.0
73.8020220188953,0.986013986013986
82.9849840925237,0.983870967741935
76.2410882127491,0.990697674418605
101.008552930738,0.996
68.9806401367665,0.977142857142857
93.351815825744,0.996168582375479
69.9740247510006,0.978142076502732
94.8442796808646,1.0
91.1706371031794,1.0
93.5255882319049,0.992673992673993
89.7565168686667,0.995433789954338
96.6397823723122,1.0
80.7447159795455,0.993197278911565
79.8418990786376,0.982570806100218
67.4538760915033,0.973045822102426
77.5720472127238,0.981566820276498
85.3306907632816,0.995073891625616
107.726373614365,0.993589743589744
95.1999842619714,0.99250936329588
86.2109196526834,0.991111111111111
80.3569349936844,0.982456140350877
99.3049944798716,0.995633187772926
82.5233425806553,0.985781990521327
90.4144688310248,0.986607142857143
75.2961665635742,0.984924623115578
76.402970528391,0.992125984251969
76.4230169722423,0.988023952095808
84.7456432479365,0.991228070175439
76.8871836804813,0.977777777777778
92.1633162804164,0.99581589958159
87.9373179060478,0.990990990990991
93.3549327931399,0.99390243902439
76.516193942772,0.982578397212544
90.669610980776,0.995121951219512
89.274379957998,0.996610169491525
65.572481860809,0.975308641975309
83.5905206126684,0.986784140969163
83.6794107951204,0.983539094650206
83.826767733098,0.995391705069124
80.8304842076211,0.986013986013986
90.7797741023525,1.0
67.3883253846748,0.984293193717278
81.9627397785673,0.985148514851485
73.3940899709013,0.984615384615385
83.7604863269626,0.98501872659176
83.4052640978949,0.985663082437276
96.0191923255759,0.992105263157895
92.2231767594479,0.993569131832797
92.9932646691009,0.986175115207373
77.4342107811804,0.983606557377049
83.5400562321444,0.982456140350877
69.2068065546749,0.965034965034965
76.9982541247848,0.979020979020979
79.1379593776009,0.9957805907173
86.4742512286901,1.0
88.1521792647575,0.992125984251969
76.3939495014317,0.971223021582734
104.391112439773,1.0
68.4829113481432,0.968586387434555
76.2151354915414,0.983673469387755
83.9971613164301,1.0
76.9332023818188,0.987179487179487
85.9593268033751,1.0
88.2647628289094,0.990697674418605
80.6577890411681,0.984251968503937
82.4149749580408,0.987654320987654
71.2836125289629,0.987012987012987
84.422152425853,0.98326359832636
66.9142463219134,0.969162995594714
86.6882834507008,0.985250737463127
73.5179751539228,0.981549815498155
97.7192256466403,0.99537037037037
71.3241656190753,0.968503937007874
78.0173212063904,0.992125984251969
85.0599942847249,0.984674329501916
97.0570194087611,0.996282527881041
102.424122501272,1.0
88.7409092095192,0.985714285714286
75.4378923759187,0.980694980694981
88.5145915289144,0.987951807228916
83.0986396647834,0.982857142857143
90.9810650615589,0.995238095238095
82.9874321773012,1.0
92.5336909433417,0.996632996632997
79.3640054738596,0.984790874524715
89.3464547985382,0.995798319327731
78.3980112982537,0.987421383647799
97.4312904446907,1.0
82.2707703677159,0.985611510791367
81.0892366889262,0.97979797979798
72.3920436263274,0.98019801980198
84.6341844783625,0.98828125
74.304634562377,0.988023952095808
79.0931817832465,0.986363636363636
75.1645263497791,0.975460122699387
75.6946463033034,0.986111111111111
71.4114787739723,0.978798586572438
103.375343858676,0.995391705069124
88.4401807653988,0.993197278911565
93.2466722238554,0.986577181208054
86.2552104432511,0.983050847457627
85.8100302639663,0.99537037037037
73.8592603925986,0.978448275862069
86.1744220062661,0.991902834008097
69.2754729106273,0.976303317535545
80.4263108685684,0.99009900990099
72.8495592384153,0.986970684039088
107.293415904787,1.0
100.359536696315,1.0
100.866816227697,0.996732026143791
87.6199141856406,0.982078853046595
93.2840380700891,0.9875
85.143813081623,0.980769230769231
92.1131425623508,0.996197718631179
85.1086110193578,0.993055555555556
96.8977851805784,1.0
90.4323168594608,0.988
94.1660109936214,1.0
77.4459401303458,0.975369458128079
80.6371255000357,0.985781990521327
92.0063947428195,0.991489361702128
83.2325931668493,0.993548387096774
103.116217915177,1.0
82.2008432941329,0.983957219251337
99.5999482162197,1.0
86.9866564544413,0.987421383647799
83.8512935565771,0.994350282485876
73.2306490354039,0.977973568281938
96.3840519916423,1.0
79.8795512663142,0.979423868312757
91.5796936645932,0.990566037735849
78.0099988836955,0.988304093567251
100.472257582121,0.995348837209302
76.3507183630174,0.983240223463687
107.970436352047,1.0
70.3578217143875,0.990990990990991
93.9293859351813,0.991266375545852
75.8751930061107,0.975845410628019
102.967380348868,0.995726495726496
105.505664227356,1.0
91.7865435700899,0.98876404494382
89.0645330029452,0.985422740524781
89.3307731049062,0.97737556561086
82.1869441307847,0.981042654028436
86.6840128110135,0.995495495495496
62.3152969066141,0.980645161290323
83.3881437426971,0.993569131832797
84.4263572263739,0.988571428571429
83.1006409805799,0.980544747081712
78.9469458218855,0.984326018808777
67.5460445154522,0.972222222222222
80.0674293964103,0.988304093567251
98.2877118973983,1.0
79.3461738837566,0.993710691823899
82.7613038559868,0.994666666666667
80.0814810649593,0.992156862745098
84.7859476149647,0.991379310344828
92.5149133773781,1.0
87.6515560913068,0.979310344827586
88.443266723366,0.99163179916318
92.9709327788889,0.989690721649485
89.2229611663641,0.991452991452991
88.22444407841,0.99618320610687
81.7364003487573,0.994974874371859
89.9351558110732,0.983870967741935
87.6078495328022,0.996610169491525
96.2122398385959,0.989583333333333
82.277729746815,0.984790874524715
87.5497385608345,0.985915492957746
77.8676570218745,0.991044776119403
85.5191916075481,0.988372093023256
86.8730434483417,1.0
103.106807825742,1.0
80.8028192236418,0.993377483443709
79.8554070757958,0.988
86.6166409542682,1.0
94.2186039854324,0.996124031007752
76.0008500675699,0.980707395498392
74.3060667642637,0.977272727272727
70.2105433127473,0.986547085201794
70.0778461623617,0.995454545454545
73.8316415632302,0.976303317535545
85.2237065710031,0.995744680851064
99.4831142931635,1.0
83.647189068488,0.991869918699187
93.5954213374529,0.991228070175439
78.9480592419631,0.993006993006993
84.1879058156383,0.990867579908676
88.3662216920535,1.0
85.9994229953364,0.985714285714286
89.1639413671357,0.994152046783626
103.225377524059,0.995381062355658
84.533456661288,0.991150442477876
73.6203677045262,0.987603305785124
92.98462954306,0.994285714285714
88.8076852631192,0.98728813559322
82.2047863009863,0.991031390134529
85.5456713038925,0.995884773662551
86.0539496280214,0.984615384615385
91.8340774563761,0.992307692307692
83.2279808919651,0.994535519125683
96.6538569386852,0.993710691823899
86.6092191052201,1.0
91.753683061472,0.987096774193548
83.4920134312595,0.989399293286219
74.1661551985031,0.970149253731343
75.5694109194988,0.989547038327526
88.5270340278173,0.991150442477876
78.4322318450963,0.989304812834225
91.0272992464153,0.987124463519313
92.0043141306294,0.993548387096774
93.0986325342041,0.993788819875776
80.8280948097898,0.995169082125604
101.340227826992,0.993127147766323
93.6655975822578,1.0
84.6156728594717,0.978142076502732
95.5493879355747,0.9957805907173
80.8071258998424,0.982608695652174
96.5046147853953,0.995215311004785
84.6713055598947,0.991596638655462
92.1539353698478,0.993311036789298
79.7526999054342,0.983805668016194
93.5165833989034,0.988235294117647
83.5189503387393,0.982683982683983
83.051291416864,0.991489361702128
83.817264853286,1.0
87.6526095951551,0.995575221238938
96.8919501897674,0.993197278911565
86.8353620657405,0.986348122866894
88.5942774289229,0.98876404494382
93.1228147889018,0.995381062355658
85.8111459010888,1.0
88.7115554206032,0.995327102803738
79.0441551138158,0.993865030674847
76.4148001293109,0.976973684210526
88.320756342922,0.996978851963746
81.0774629341051,0.985645933014354
76.567855544738,0.988826815642458
91.9180884431821,0.996491228070175
79.8094138551055,0.990338164251208
82.7077198132488,0.988095238095238
83.4404880016955,0.99250936329588
88.8117608271009,0.991701244813278
75.9862723602523,0.982456140350877
95.9202586284164,1.0
75.7906879753339,0.991189427312775
95.4140246781101,0.992647058823529
92.5494494224417,1.0
93.0482983542938,0.996491228070175
80.8657056117472,0.977859778597786
95.6620305871334,1.0
103.084721506319,1.0
96.3592739419784,0.995215311004785
96.2251606504172,1.0
84.3908328653079,0.992565055762082
84.3652475369465,0.989304812834225
70.5240535662029,0.987755102040816
73.5283438759396,0.988571428571429
87.9557255064145,0.99017199017199
85.2848625682572,0.996610169491525
99.3996874137218,0.991304347826087
100.22804434187,0.993865030674847
92.2679491176396,0.996515679442509
80.9919046591194,0.990521327014218
69.9342866734819,0.981735159817352
67.7034309100706,0.976377952755906
80.85067554167,0.991150442477876
75.7268692485541,0.993377483443709
86.1650340182004,0.985865724381625
90.8348995803596,0.995515695067265
90.0591088404298,0.992424242424242
91.9938683368934,1.0
79.8870965437915,0.992125984251969
74.875665236225,0.983957219251337
79.2186301700221,0.981481481481482
79.9886498125454,0.973509933774834
90.3745380030734,0.990783410138249
82.4537377493654,0.985507246376812
106.931844842916,0.995433789954338
70.9386901038526,0.974842767295597
66.0099898080632,0.983606557377049
97.7548207944988,0.995283018867924
87.1749752861565,0.993548387096774
75.3836826108474,0.987903225806452
89.8893504621511,0.986394557823129
96.6158452485171,0.996212121212121
75.6821888104105,0.971223021582734
88.0038706756968,0.987704918032787
81.3275163360673,0.987421383647799
78.3057276621828,0.986547085201794
95.2331430792878,1.0
72.1453388281454,0.981395348837209
75.2438980936887,0.984293193717278
82.4864886624044,0.991071428571429
89.9342610198685,0.993197278911565
93.0896637930216,0.986885245901639
89.5098377304719,0.991489361702128
91.7049431306011,0.992094861660079
83.1964176680887,0.99581589958159
91.4667767191769,0.98936170212766
93.2749507342331,0.99601593625498
85.9232919201833,0.983935742971888
84.8817909282825,0.992277992277992
100.282470369288,0.98961937716263
100.241900107325,0.995433789954338
101.800666754849,0.992125984251969
98.3557117224857,0.995951417004049
94.3688137979458,0.99645390070922
80.7637839409356,0.980295566502463
96.8948221166646,0.992673992673993
93.3407537965351,0.989304812834225
79.5121343660967,0.971698113207547
84.0100565844438,0.984615384615385
88.9781538807705,0.980327868852459
92.4223895517969,0.993031358885017
77.3892635041303,0.985250737463127
76.5626742932382,0.98876404494382
103.288061229167,1.0
85.2407612911647,0.991869918699187
96.0618202262129,0.986547085201794
77.8575912130167,0.986013986013986
89.9934798460756,0.992700729927007
72.3229203028043,0.980676328502415
75.2538533549155,0.982608695652174
77.300147312297,0.982062780269058
71.4275459712779,0.97489539748954
65.316564597194,0.990147783251232
85.4537182452226,0.978902953586498
69.5785578215321,0.987012987012987
80.0195617602902,0.98443579766537
86.8078997083977,0.995169082125604
97.1885644239613,0.990654205607477
84.077820992782,0.99625468164794
84.4346149828414,0.991304347826087
83.9476934976997,0.979020979020979
91.146668048716,0.989795918367347
75.4976364013952,0.983177570093458
95.2229366359061,0.993174061433447
72.9138993321061,0.974874371859296
95.6565043088114,0.995744680851064
80.8147166921161,0.985611510791367
91.914604775016,0.986784140969163
90.0242851723788,0.990867579908676
96.5363319799405,0.989690721649485
95.831317777401,0.990712074303406
81.3648909157548,0.986111111111111
80.1892599286016,0.985611510791367
92.5583391177704,0.986547085201794
83.0458631387826,0.985221674876847
93.1337743286648,0.992700729927007
91.4152891247915,0.994152046783626
83.0741978763324,0.982698961937716
77.6828024515136,0.991489361702128
73.7569082428286,0.988593155893536
81.9703063315797,0.989010989010989
88.3961559051299,0.987755102040816
85.0996145246036,0.988593155893536
88.7648524837477,0.995121951219512
75.4101290377174,0.982608695652174
88.4151147830572,0.9875
80.016966156747,0.984924623115578
95.374013859863,0.992307692307692
89.0868471648417,0.993865030674847
75.6985459924405,0.971428571428571
87.1421889243697,0.980952380952381
78.0470724435475,0.985294117647059
72.7694565505347,0.974468085106383
82.4255772061555,0.989864864864865
102.103608418771,0.997757847533632
83.3013700058249,0.990353697749196
97.2275976387384,0.993464052287582
89.5333515352473,0.996563573883162
85.9548463352165,0.982222222222222
85.7109105611922,0.989071038251366
83.7596481614862,0.976
87.0322088624671,0.992395437262357
87.3042268418023,0.988461538461539
72.0072994054473,0.986301369863014
76.6751303430692,0.97196261682243
80.8554649147058,0.995670995670996
95.3776948332762,0.98671096345515
82.4159890411506,0.992727272727273
80.6955282491904,0.995169082125604
78.6264697212097,0.994535519125683
94.4446111827677,0.995454545454545
90.3598607263337,0.987096774193548
91.3162411803293,0.991189427312775
73.9931722137517,0.984293193717278
66.5086452280717,0.985849056603774
64.811185700449,0.993006993006993
79.9967281516384,0.987234042553191
82.2615928787152,0.990521327014218
73.7384642772007,0.983766233766234
81.5178652473565,0.991452991452991
90.4153422829221,0.994413407821229
85.8060731957385,0.985611510791367
89.2530004599703,0.989949748743719
84.7087978076859,0.987616099071207
79.6565577933237,0.984615384615385
82.8578570750629,0.974358974358974
77.6753256299835,0.98326359832636
86.4960019109007,0.996551724137931
75.3321417379825,0.987854251012146
90.8621332362355,0.991803278688525
93.67032424872,1.0
87.6629361604645,0.991266375545852
93.5728142357605,0.993710691823899
97.6102168611471,0.992518703241895
79.8615213175753,0.981651376146789
91.8563358287345,0.994609164420485
83.8003717082011,0.976744186046512
97.3702651900157,0.99604743083004
86.6968967395917,0.993377483443709
102.498110776317,1.0
94.976103653759,0.993197278911565
108.345904832605,1.0
89.332529330947,0.982456140350877
80.5798557620444,0.990853658536585
79.8415580235785,0.985663082437276
73.0868505960286,0.986175115207373
74.6287079975133,0.985221674876847
83.7927947364878,0.990338164251208
74.3733139659205,0.977099236641221
99.8894511762334,0.99002493765586
93.1974476164785,1.0
86.2340916776005,0.981132075471698
76.8685565584163,0.980694980694981
79.5439867636903,0.99
74.102934395907,0.982978723404255
87.4400609161175,0.977941176470588
79.7043427180352,0.987854251012146
76.0918680169297,0.985576923076923
85.0184094824398,0.989528795811518
84.8496414074365,0.992248062015504
74.0884572391323,0.982683982683983
100.764366426418,0.995327102803738
85.7737104431486,0.993006993006993
109.128984790013,1.0
89.9007903432777,0.993865030674847
90.3043715222611,0.98921832884097
99.6135373090837,0.991525423728814
89.6041679456085,0.986394557823129
95.8714802350187,0.988679245283019
70.2279075027596,0.969162995594714
109.028614669498,0.99618320610687
80.1893054050455,0.987854251012146
83.9103249560591,0.98
90.9004770583283,0.995798319327731
85.5864241825722,1.0
89.5508571445376,0.984905660377358
87.2968714705564,0.989304812834225
90.9399135365747,0.980295566502463
73.0094579388062,0.979487179487179
106.503816343067,0.992481203007519
92.7163895794629,0.995884773662551
92.5100846933365,0.983673469387755
87.3751901389049,0.985221674876847
101.011010333138,1.0
71.2127197535585,0.973262032085562
88.9971222457153,0.992125984251969
91.8444605710735,1.0
78.5347038411899,0.978448275862069
79.8129067054394,0.985507246376812
74.8620453737721,0.978494623655914
96.1858848108232,0.991489361702128
86.4891081784134,0.980295566502463
78.1298234775395,0.983333333333333
98.9167195266492,0.994285714285714
95.458377189383,0.990825688073395
82.6008883506342,0.979899497487437
102.909699001571,0.99644128113879
85.6091491104412,0.994974874371859
94.9301316954212,0.987745098039216
90.1199966619527,0.988095238095238
85.6399643765842,0.987714987714988
98.0554105016995,0.992248062015504
91.5127045138428,0.987096774193548
92.8768750277284,0.991525423728814
91.2126359215112,0.993548387096774
90.0004686909092,0.981735159817352
83.9813792206484,0.988304093567251
99.8838082585416,1.0
76.8010590423814,0.985185185185185
102.271861344089,1.0
90.6286758707996,0.994974874371859
99.3735002385403,0.989510489510489
82.0978762554789,0.984555984555985
82.4751177788308,0.981735159817352
79.5990933547858,0.986754966887417
96.8360668337235,0.995215311004785
90.1417172620395,0.994011976047904
90.8970000794452,0.985781990521327
82.4658706196803,0.982456140350877
98.8509854041214,0.996805111821086
86.3135515523815,0.985221674876847
100.752120518172,0.993464052287582
93.1624288718983,0.984
84.197425099938,0.983539094650206
87.1161207780531,0.990415335463259
73.9094690426589,0.985663082437276
75.4753426619244,0.978540772532189
88.4187192539455,0.993377483443709
96.7030285368961,0.996108949416342
79.9129090781718,0.982456140350877
83.3196602704031,0.985507246376812
103.999405973976,1.0
106.663869432247,0.996539792387543
87.5528147015235,0.985781990521327
86.1913746796308,0.995744680851064
77.242620760076,0.987096774193548
100.696184703874,0.995283018867924
84.7713508631434,0.987096774193548
83.7759815544975,0.986425339366516
75.1595400775193,0.969465648854962
96.3530377387558,1.0
80.8374547178144,0.984126984126984
90.7905205685519,0.99625468164794
96.4615264908995,1.0
70.0836796503738,0.987421383647799
76.1746379456338,0.98019801980198
79.0471741161552,0.983240223463687
97.5057488221428,1.0
95.2230147228539,1.0
77.2938940960677,0.979591836734694
70.7145746049288,0.97196261682243
64.8531313918717,0.972881355932203
85.7345938492351,0.984802431610942
79.4925627048126,0.987234042553191
75.1664619788676,0.988304093567251
90.2896094568416,0.991452991452991
91.0005120880953,0.993377483443709
87.953320412244,0.995934959349594
81.9801111235189,0.988571428571429
85.1087265119942,0.985981308411215
77.9703494331914,0.989949748743719
87.786210818656,0.986425339366516
86.0819732345405,0.991031390134529
99.4366007362714,1.0
95.4231374832718,1.0
85.935260949143,0.990131578947368
84.9157884065816,0.996363636363636
88.9639326902051,0.98728813559322
81.1984410457304,0.98744769874477
88.6782635773406,0.991869918699187
82.3707530836984,0.993548387096774
99.777427260723,0.99644128113879
104.253506726682,1.0
83.5224058612159,0.982456140350877
94.3772876244853,0.993548387096774
74.4412588583751,0.982905982905983
65.5583364991979,0.975845410628019
92.9885409414773,0.995145631067961
74.5184599987727,0.985611510791367
84.3381244364772,0.991341991341991
86.0590036427458,0.993006993006993
94.1168724335048,0.991031390134529
96.2652084013033,0.994011976047904
88.6301823018949,0.991189427312775
98.3179512970515,0.994011976047904
84.6545740852212,0.980392156862745
84.7235047134466,0.989071038251366
103.263948461196,0.995708154506438
74.2957524911012,0.984615384615385
93.6092359452525,0.990740740740741
88.0168974118968,0.994285714285714
81.6205433060669,0.98728813559322
90.4738172656879,1.0
81.0993700310608,0.973421926910299
73.6528712807566,0.972431077694236
99.2383911034935,0.996794871794872
104.841781660161,0.996923076923077
102.937149002161,0.991031390134529
93.7695982881257,0.993103448275862
78.4026203131859,0.979094076655052
72.9165061857704,0.979253112033195
78.3064919606682,0.991031390134529
94.118008387519,0.990936555891239
80.1726411765123,0.987012987012987
90.9262167254928,0.988095238095238
89.786028260982,0.992831541218638
98.0776584181477,0.995515695067265
76.4422430644795,0.986013986013986
83.7686582230484,0.990384615384615
91.7049883951697,0.989010989010989
93.9111415176232,0.991266375545852
76.6838286368209,0.979487179487179
