"Product","Dead","Started","Ended","Hits","Type","Profit","FLOSS","Acquisition","Social","Days","AvgHits","DeflatedHits","AvgDeflatedHits","EarlyGoogle","RelativeRisk","LinearPredictor","ExpectedEvents","FiveYearSurvival"
"Lively",TRUE,2008-07-09,2008-12-31,76800,"program",FALSE,FALSE,FALSE,TRUE,175,43.7856,-13.3733536851942,-0.2826,FALSE,3.10057111833624,1.13158632624389,0.0283630765297337,0.204594170753536
"Aardvark",TRUE,2011-02-01,2012-02-01,2060000,"service",FALSE,FALSE,TRUE,TRUE,365,2521.4198,-11.5084702481807,-0.6806,FALSE,3.15236490475479,1.14815293456988,0.0784896310466066,0.13930429014333
"One Pass",TRUE,2011-02-01,2012-04-01,738000,"service",TRUE,FALSE,FALSE,FALSE,425,903.3048,-12.5349876853639,-0.543,FALSE,1.49677233833563,0.403311015272256,0.0469707643752071,0.377966360889076
"+1 Reporting for Webmaster Tools",TRUE,2011-06-01,2012-09-01,7060,"service",FALSE,FALSE,FALSE,TRUE,458,10.1291,-17.3669035151871,-0.1333,FALSE,12.5563736403271,2.53022839644768,0.449201653798883,0.000202870353552068
"News Badges",TRUE,2011-07-01,2012-10-01,25300,"service",FALSE,FALSE,FALSE,FALSE,458,37.931,-16.1361484351407,-0.2253,FALSE,4.71448649931258,1.55064000226748,0.168659773352249,0.0410671321503883
"Search Timeline",TRUE,2009-04-01,2011-01-01,24600,"service",FALSE,FALSE,FALSE,FALSE,640,16.5323,-14.9161696914895,-0.1881,FALSE,3.41427797133009,1.22796604206831,0.221808551249199,0.109436229793646
"Fast Flip",TRUE,2009-09-01,2011-09-01,202000,"service",TRUE,FALSE,FALSE,FALSE,730,151.3109,-13.0432301843547,-0.3848,FALSE,1.71212761486016,0.53773681633176,0.150331591499257,0.313740102266262
"Sidewiki",TRUE,2009-09-23,2011-12-05,504000,"service",FALSE,FALSE,FALSE,FALSE,803,383.8538,-12.1623647407513,-0.4892,FALSE,1.64807534180977,0.499608147559861,0.200653300240605,0.346499317730528
"Listen",TRUE,2009-08-01,2012-01-01,216000,"program",FALSE,FALSE,FALSE,FALSE,883,158.1259,-12.9290950677503,-0.3916,FALSE,1.43335740842445,0.360019530465542,0.203180443537713,0.40937617660084
"Classic Plus",TRUE,2010-06-01,2012-11-01,489000,"service",FALSE,FALSE,FALSE,FALSE,884,460.452,-12.5741341963368,-0.4877,FALSE,1.83770526081065,0.608517652429762,0.267125966777858,0.32031835024773
"Buzz",TRUE,2010-02-09,2012-10-16,55800000,"service",FALSE,FALSE,FALSE,TRUE,980,47529.8126,-7.66671161782964,-1.4047,FALSE,0.965229357531678,-0.0353895296850339,0.159298401710686,0.47090955131746
"Wave",FALSE,2009-05-01,2012-04-30,1980000,"program",FALSE,TRUE,FALSE,TRUE,1095,1358.0247,-10.5736682749212,-0.6822,FALSE,1.63974828631986,0.494542746104938,0.313498701204438,0.24540630685102
"Maps API for Flash",TRUE,2008-05-14,2011-09-02,649000,"service",FALSE,FALSE,FALSE,FALSE,1206,358.5635,-11.1539976488374,-0.5274,FALSE,1.26225987022696,0.232903662276296,0.259400242953901,0.3452966684604
"Places Directory app (Android)",TRUE,2009-02-01,2012-09-01,287000,"program",TRUE,FALSE,FALSE,FALSE,1308,185.5204,-12.3697455324437,-0.4223,FALSE,1.01737281749098,0.0172236354272164,0.235945230210982,0.312711437976177
"Health",TRUE,2008-05-01,2012-01-01,918000,"service",FALSE,FALSE,FALSE,FALSE,1340,503.5656,-10.7874711271088,-0.5768,FALSE,1.14563667107597,0.135960527078518,0.285897908876728,0.275595545123765
"Code Search API",TRUE,2008-04-01,2012-01-01,6490000,"service",FALSE,FALSE,FALSE,FALSE,1370,3502.4285,-8.78604644384921,-0.9289,FALSE,0.674759322252926,-0.3933992113174,0.176644851676564,0.471971310891412
"Knol",TRUE,2008-07-23,2012-04-30,2560000,"service",TRUE,FALSE,FALSE,FALSE,1377,1471.2644,-9.88807777782579,-0.7376,FALSE,0.743211919825103,-0.296774053095109,0.199187531187585,0.439381133286155
"Apps for Teams",TRUE,2008-06-01,2012-06-01,153000,"service",FALSE,FALSE,FALSE,FALSE,1461,85.3795,-12.6263550026582,-0.3522,FALSE,1.86326366699716,0.622329609784113,0.575627054038122,0.1373126318659
"AdSense for Feeds",TRUE,2008-08-01,2012-09-01,115000,"service",TRUE,FALSE,FALSE,FALSE,1492,66.4356,-13.0045894661907,-0.3227,FALSE,1.69471854404508,0.527516676333603,0.548472354813785,0.1684719805817
"Translate API",TRUE,2007-10-22,2011-12-01,229000,"service",FALSE,FALSE,FALSE,FALSE,1501,113.6476,-11.8840792234105,-0.3983,FALSE,1.53112690655792,0.426004004525638,0.507217087900847,0.202427753805517
"Video for Business",TRUE,2008-01-01,2012-03-01,916000,"service",TRUE,FALSE,FALSE,FALSE,1521,471.1934,-10.6057149541879,-0.5804,FALSE,0.89855698903467,-0.106965147908854,0.312185194006886,0.397357601871813
"Jaiku",TRUE,2007-09-01,2012-01-01,864000,"service",FALSE,TRUE,TRUE,TRUE,1583,418.1994,-10.4787012090514,-0.576,FALSE,2.66242435972826,0.979237121140251,0.971152933198066,0.0171559199530096
"Talk Chatback",TRUE,2008-02-26,2012-07-03,75700,"service",FALSE,FALSE,FALSE,FALSE,1589,40.0953,-13.184081118225,-0.28,FALSE,2.15942807141609,0.769843404883388,0.807354110761208,0.0377159910301984
"Gmail Exchange ActiveSync",TRUE,2009-02-09,2013-07-01,637000,"service",FALSE,FALSE,FALSE,FALSE,1603,413.9051,-11.5846192297464,-0.5201,FALSE,1.41453293214282,0.346799393314424,0.54228260595846,0.118408528941535
"Spreadsheet Gadgets",TRUE,2008-03-01,2012-09-01,58600,"service",FALSE,FALSE,FALSE,FALSE,1645,31.104,-13.446205150643,-0.2556,FALSE,2.31445207106784,0.839172973159775,0.956831391357632,0.0326648404388838
"Answers",TRUE,2002-04-01,2006-11-28,707000,"service",TRUE,FALSE,FALSE,FALSE,1702,174.7837,-7.6708820180889,-0.6731,TRUE,0.151170094794992,-1.88934962054629,0.0642851258230915,0.801107332684874
"Pack",TRUE,2006-06-01,2011-02-01,611000,"program",FALSE,FALSE,FALSE,FALSE,1706,242.172,-10.1304720609786,-0.5419,FALSE,0.683729876225758,-0.380192357158757,0.298862317140223,0.369884889990923
"Image Labeler (ESP Game)",TRUE,2006-09-01,2011-09-02,97100,"service",FALSE,FALSE,FALSE,FALSE,1827,39.9424,-12.1096807216776,-0.3045,FALSE,1.62526954258754,0.485673674387963,0.731586594160706,0.0960423934113056
"Sync for BlackBerry",TRUE,2007-05-01,2012-06-01,364000,"program",FALSE,FALSE,FALSE,FALSE,1858,166.286,-11.1561426270727,-0.4584,FALSE,0.896810005217467,-0.108911250710299,0.415834874739265,0.277848717555925
"CalDAV support for Gmail",TRUE,2008-07-28,2013-09-16,245000,"service",FALSE,FALSE,FALSE,FALSE,1876,141.2104,-12.2421828154517,-0.4044,FALSE,1.68323804610914,0.520719346745163,0.803575641581193,0.0924916206891423
"Subscribed Links",TRUE,2006-05-01,2011-09-15,25300,"service",FALSE,FALSE,FALSE,FALSE,1963,9.906,-13.2676402180954,-0.1728,FALSE,2.20768415685703,0.791944073281245,1.11693807839069,0.0469168399186515
"Notebook",TRUE,2006-05-15,2011-11-11,1.57e+08,"service",FALSE,FALSE,FALSE,FALSE,2006,61811.0236,-4.55572551945002,-2.4215,FALSE,0.220406221744606,-1.51228297277057,0.118333058973264,0.74184489496152
"Picasa for Linux",TRUE,2006-05-01,2012-04-01,380000,"program",FALSE,FALSE,TRUE,FALSE,2162,148.7862,-10.5582733611085,-0.4738,FALSE,0.905188151490611,-0.0996124546913085,0.588535740297059,0.325033598994487
"Bookmarks Lists",TRUE,2005-10-01,2011-12-01,18000,"service",FALSE,FALSE,FALSE,FALSE,2252,6.5076,-13.2858027223802,-0.141,FALSE,2.2183150041959,0.796747900573487,1.58158195873733,0.0731781615918755
"Desktop",TRUE,2004-10-01,2011-09-14,2410000,"program",FALSE,FALSE,TRUE,FALSE,2539,769.7221,-7.83394057291116,-0.8484,TRUE,0.161004746078065,-1.82632143568642,0.123146412129275,0.834026362605175
"Video",TRUE,2005-01-01,2012-08-01,3.46e+09,"service",TRUE,FALSE,FALSE,FALSE,2769,1138532.412,-0.704396529186624,-19.7974,FALSE,0.065495140943082,-2.72577932316779,0.0619112548651531,0.939892626455998
"Reader",TRUE,2005-10-07,2013-07-01,79100000,"service",FALSE,FALSE,FALSE,TRUE,2824,28659.4203,-4.90682717935702,-2.0916,FALSE,0.465168582174794,-0.765355396785979,0.48748091365355,0.675359867113564
"Reader Play",TRUE,2010-03-10,2013-07-01,43500,"service",FALSE,FALSE,FALSE,FALSE,1209,37.9913,-14.867563950147,-0.2447,FALSE,3.37066562106963,1.21511023853153,0.725822885250875,0.0604239038033528
"iGoogle",TRUE,2005-05-01,2013-11-01,33600000,"service",TRUE,FALSE,FALSE,TRUE,3106,11510.7914,-5.52131138699708,-1.6936,FALSE,0.450371586007533,-0.797682290275594,0.619112951338525,0.79221165446296
"Blocked Sites",TRUE,2011-03-10,2013-03-25,426000,"service",FALSE,FALSE,FALSE,FALSE,746,546.1538,-13.1407374228527,-0.4796,FALSE,2.13481366723632,0.758379367572729,0.206661103957963,0.240232887813813
"SearchWiki",TRUE,2008-11-20,2010-03-03,135000,"service",FALSE,FALSE,FALSE,FALSE,468,83.3333,-13.0129825935888,-0.3399,FALSE,2.06388330168829,0.724589306141173,0.0785011033418609,0.248340842947428
"Base",TRUE,2005-11-15,2009-11-19,1190000,"service",TRUE,FALSE,FALSE,FALSE,1465,437.3392,-9.16287229044373,-0.6636,FALSE,0.613494050865025,-0.488584711919712,0.19400081299298,0.522425632671267
"Voice Local Search (GOOG-411)",TRUE,2007-04-06,2010-11-12,128000,"service",FALSE,FALSE,FALSE,FALSE,1316,57.8139,-12.1632626773048,-0.3336,FALSE,1.64846680050221,0.499845644110723,0.39191268529216,0.153514153456549
"Mashup Editor",TRUE,2007-05-31,2009-06-15,57600,"service",FALSE,FALSE,FALSE,FALSE,746,26.679,-13.0453781911895,-0.2517,FALSE,2.08164337329778,0.733157665077947,0.201513942024466,0.248919303740131
"Page Creator",TRUE,2006-02-23,2009-06-01,486000,"service",TRUE,FALSE,FALSE,FALSE,1194,185.4254,-10.2103864665887,-0.5115,FALSE,0.809348110546338,-0.211526157137125,0.162392028278125,0.503714326618876
"Video Marketplace",TRUE,2006-01-06,2007-08-10,484000,"service",TRUE,FALSE,FALSE,FALSE,581,181.3413,-10.1415433610814,-0.5128,FALSE,0.794744523002615,-0.229734570686987,0.0454831404508574,0.593845286775647
"Academic API",TRUE,2007-08-21,2012-01-15,2040,"service",FALSE,FALSE,FALSE,FALSE,1608,0.9822,-16.5106026064659,0.0011,FALSE,5.20531351190997,1.64967993308874,2.0456120889944,0.00040918205162145
"Picnik",TRUE,2010-03-01,2012-04-19,5950000,"service",FALSE,FALSE,TRUE,TRUE,780,5155.9792,-9.93549711044734,-0.8603,FALSE,2.07947398807697,0.732114971383461,0.220363838634406,0.254075725059974
"Web Accelerator",TRUE,2005-05-04,2008-01-20,486000,"program",FALSE,FALSE,FALSE,FALSE,991,166.6667,-9.76194453546608,-0.5241,FALSE,0.620230099994677,-0.477664740770668,0.110314029750314,0.621289349976908
"Video Player",TRUE,2005-06-27,2007-08-17,22300000,"program",TRUE,FALSE,FALSE,FALSE,781,7791.754,-6.01789887744589,-1.489,FALSE,0.189610072439656,-1.66278556589055,0.0206809893389769,0.883076919373999
"Squared",TRUE,2009-06-03,2011-09-05,6530000,"service",FALSE,FALSE,FALSE,FALSE,824,4582.4561,-9.4305228669395,-0.8939,FALSE,0.800162296995039,-0.222940700645999,0.102608814728445,0.600859074580373
"Slide.com",TRUE,2010-08-04,2012-03-06,2420000,"service",TRUE,FALSE,TRUE,TRUE,580,2424.8497,-11.0722629635825,-0.7039,FALSE,2.31157038364888,0.837927113322341,0.126545318507723,0.218381862332971
"PowerMeter",TRUE,2009-10-05,2011-06-24,223000,"program",TRUE,FALSE,FALSE,FALSE,627,171.4066,-12.9960109430353,-0.3958,FALSE,1.20065289595427,0.182865488798007,0.0748812208037196,0.457886892606923
"Audio Ads",TRUE,2007-12-07,2009-05-31,99400,"service",TRUE,FALSE,TRUE,FALSE,541,50.4825,-12.7885756517146,-0.3067,FALSE,1.89233776718208,0.637812978576787,0.0852200444579035,0.2825410983442
"Print Ads",TRUE,2006-11-29,2009-03-31,2770000,"service",TRUE,FALSE,FALSE,FALSE,853,1182.7498,-8.89411214820002,-0.7955,FALSE,0.571397894170176,-0.559669474578717,0.0789460177538892,0.699010865865793
"Real Estate",TRUE,2009-06-06,2011-02-10,61600,"service",TRUE,FALSE,FALSE,FALSE,614,43.3193,-14.0985836450887,-0.2673,FALSE,2.26340155585757,0.816868794947884,0.135299926338267,0.228000540586979
"SearchMash",TRUE,2006-10-01,2008-11-24,88500,"service",FALSE,FALSE,FALSE,FALSE,785,36.8596,-12.248023809143,-0.2945,FALSE,1.68584047842963,0.522264239699804,0.189106084877404,0.332769214013053
"Blogger Web Comments",TRUE,2005-12-14,2008-01-02,38700,"service",FALSE,FALSE,FALSE,FALSE,749,14.3759,-12.6328253985561,-0.211,FALSE,1.86645512031446,0.624040974247877,0.192040704262343,0.290685352242956
"City Tours",TRUE,2009-06-25,2011-09-06,1040000,"service",FALSE,FALSE,FALSE,FALSE,803,741.2687,-11.3011522241413,-0.5848,FALSE,1.31235704424283,0.271824790879439,0.159779571565074,0.42999788423778
"News Timeline",TRUE,2009-04-20,2011-08-17,120000,"service",FALSE,FALSE,FALSE,FALSE,849,81.6882,-13.3603070922944,-0.3296,FALSE,2.26246215689315,0.816453670216986,0.30501930643879,0.240407377542491
"Click-to-Call",TRUE,2006-11-15,2007-07-19,22300000,"service",TRUE,FALSE,FALSE,FALSE,246,9465.1952,-6.78709079998161,-1.3489,FALSE,0.327273643041511,-1.11695862915783,0.00548118525558655,0.843473471954379
"Related Links",TRUE,2006-04-04,2007-04-30,77300000,"service",FALSE,FALSE,FALSE,FALSE,391,29949.6319,-5.20195154148961,-1.9814,FALSE,0.261489353861386,-1.34136170811705,0.00763877179147764,0.850122402378174
"Dashboard Widgets for Mac",TRUE,2006-02-23,2008-12-17,46600,"program",FALSE,FALSE,FALSE,FALSE,1028,17.7795,-12.5549945493576,-0.2292,FALSE,1.29832261845385,0.261073137825055,0.242256403422182,0.326839686820075
"Joga Bonito",TRUE,2006-03-19,2008-01-01,397000,"service",FALSE,FALSE,FALSE,TRUE,653,152.8687,-10.4491422211476,-0.4813,FALSE,2.01483963272398,0.700539605493977,0.14175348451185,0.273967867270805
"Music Trends",TRUE,2006-08-16,2008-08-30,76000,"service",FALSE,FALSE,FALSE,FALSE,745,31.0584,-12.3303664824582,-0.2787,FALSE,1.72295902085378,0.544043173660973,0.156423558428735,0.313054383646998
"Send to Phone",TRUE,2005-07-01,2008-07-01,5710000,"service",FALSE,FALSE,FALSE,FALSE,1096,1997.9006,-7.38634710080163,-1.0289,FALSE,0.465982250140917,-0.763607735408285,0.0912473525837975,0.672288881078598
"Google Sets",TRUE,2002-05-21,2011-09-05,156000,"service",FALSE,FALSE,FALSE,FALSE,3394,39.0488,-9.25806378370587,-0.3959,TRUE,0.279514564860091,-1.27470087733291,0.52884837515605,1
"Rebang",TRUE,2007-03-15,2011-09-05,114000,"service",FALSE,FALSE,FALSE,FALSE,1635,50.9839,-12.2456513657632,-0.3211,FALSE,1.68478296050208,0.521636748684324,0.679157512803119,0.0814329033169298
"Shared Stuff",TRUE,2007-09-20,2009-04-01,49300,"service",FALSE,FALSE,FALSE,TRUE,559,24.084,-13.3712325974554,-0.2379,FALSE,4.36408069150733,1.47340755806279,0.217390538057443,0.0553535226520309
"TV Ads",TRUE,2007-04-02,2012-12-16,2520000,"service",TRUE,FALSE,FALSE,FALSE,2085,1136.1587,-9.17719819216137,-0.7666,FALSE,0.6158230376606,-0.484795633245423,0.340935611870097,0.438658440814643
"Dodgeball",TRUE,2005-05-12,2009-03-06,1810000,"service",FALSE,FALSE,TRUE,TRUE,1394,622.4209,-8.45923217222189,-0.7605,FALSE,1.40727540926211,0.341655501167801,0.38625539530239,0.212651395050046
"Ride Finder",TRUE,2005-03-31,2009-01-30,25600,"service",FALSE,FALSE,FALSE,TRUE,1401,8.678,-12.6538759751415,-0.1708,FALSE,3.60987395790186,1.28367285702663,1.01473498946645,0.0193089635141544
"Snapseed Desktop for Mac/Windows",TRUE,2012-09-17,2013-03-13,65200,"program",FALSE,FALSE,TRUE,TRUE,177,292.3767,-15.8644364718346,-0.3579,FALSE,7.08433893108156,1.95788656336692,0.0780019055130293,0.026991909259205
"Building Maker",TRUE,2009-10-13,2013-06-01,1730000,"service",FALSE,FALSE,FALSE,FALSE,1327,1337.9737,-10.9594671641188,-0.6569,FALSE,1.19895699759818,0.181452010179666,0.292099304721702,0.257712668986152
"Cloud Connect",TRUE,2011-02-24,2013-04-30,530000,"program",FALSE,FALSE,FALSE,FALSE,796,667.5063,-12.9010177726244,-0.5041,FALSE,1.42275242886099,0.352593325659004,0.164100586201954,0.396892744065292
"Google Voice App for Blackberry",TRUE,2009-07-15,2013-03-17,281000,"program",FALSE,FALSE,FALSE,FALSE,1341,203.1815,-12.640176389731,-0.4204,FALSE,1.32790565715167,0.283603007229238,0.339407067869688,0.226310773364387
"Search API for Shopping",TRUE,2011-02-11,2013-09-16,217000,"service",TRUE,FALSE,FALSE,FALSE,948,268.8971,-13.7742355778179,-0.4061,FALSE,2.07732602297886,0.731081500788975,0.317682816492835,0.192836742354402
"Hello",TRUE,2004-07-13,2008-05-15,62700,"service",FALSE,FALSE,TRUE,TRUE,1402,19.5266,-11.3613497806051,-0.2616,TRUE,1.10859628326118,0.103094605356034,0.319155842855179,0.299677681166831
"Gears",TRUE,2007-05-31,2010-02-22,865000,"program",FALSE,TRUE,FALSE,FALSE,998,400.6484,-10.3361712519595,-0.5798,FALSE,0.800645202300903,-0.222337373486769,0.145892136203043,0.500012158712519
"Directory",TRUE,2000-03-03,2011-07-20,562000,"service",TRUE,FALSE,FALSE,FALSE,4156,116.9858,-6.7466229502882,-0.7058,TRUE,0.118385592173914,-2.1338082516571,0.519876723937726,1.34432017802602
"Browser Sync",TRUE,2006-06-08,2008-06-24,152000,"program",FALSE,TRUE,FALSE,FALSE,747,60.4134,-11.5323294942798,-0.3556,FALSE,1.09859958867235,0.0940362675155642,0.109687290348543,0.481631989575344
"Checkout",TRUE,2006-06-28,2011-09-19,21400000,"service",FALSE,FALSE,FALSE,FALSE,1909,8573.7179,-6.61546665690407,-1.369,FALSE,0.380032299872645,-0.967499030209116,0.186762811831828,0.587338930793143
"Web Security",TRUE,2007-07-09,2011-09-02,4e+06,"service",TRUE,FALSE,TRUE,FALSE,1516,1886.7925,-8.86413666222588,-0.8509,FALSE,0.670207694366372,-0.400167623042991,0.227352680555536,0.499636803080685
"Message Filtering",TRUE,2007-07-09,2013-03-31,48500,"service",TRUE,FALSE,TRUE,FALSE,2092,22.8774,-13.2766225043845,-0.2358,FALSE,2.15307532457043,0.766897203636669,1.26624236810274,0.0603994262540365
"Postini Small Business Edition",TRUE,2007-07-09,2013-03-31,40900,"service",TRUE,FALSE,TRUE,FALSE,2092,19.2925,-13.4470562392791,-0.2201,FALSE,2.25235305319941,0.811975471168949,1.32462846577635,0.0530672628910218
"Related",TRUE,2011-08-16,2012-04-27,320000,"service",TRUE,FALSE,TRUE,FALSE,255,515.2979,-13.6685583734927,-0.4569,FALSE,2.38825003361684,0.870560894243913,0.0446541818101299,0.290094082739571
"Picasa Web Albums Uploader for Mac",TRUE,2006-08-02,2012-04-27,57800,"program",FALSE,FALSE,TRUE,TRUE,2095,23.4864,-12.5828290571146,-0.2509,FALSE,2.97406416785015,1.08992942408299,1.8630649948422,0.0232129262380658
"Picasa Web Albums Plugin for iPhoto",TRUE,2006-08-02,2012-04-27,64600,"program",FALSE,FALSE,TRUE,TRUE,2095,26.2495,-12.4716034220044,-0.262,FALSE,2.88784686015054,1.06051119336097,1.80905524963862,0.0258884967045073
"Deskbar",TRUE,2003-11-03,2006-02-21,202000,"program",FALSE,FALSE,FALSE,FALSE,841,58.3141,-9.8068475695749,-0.4146,TRUE,0.229481125775505,-1.47193449349309,0.0301804688235483,0.864688646941222
"Tashkeel",TRUE,2010-03-23,2011-09-30,107000,"service",FALSE,FALSE,FALSE,FALSE,556,94.523,-13.9872579015919,-0.3252,FALSE,2.67052960237651,0.982276805692817,0.126612453850326,0.169085308458762
"Breadcrumb",TRUE,2010-09-24,2011-09-02,5790,"service",FALSE,TRUE,FALSE,FALSE,343,6.114,-17.1851807402576,-0.1054,FALSE,6.90019307667974,1.93154939333922,0.157175953978072,0.013179115393362
"Script Converter",TRUE,2009-11-03,2011-08-16,39000,"service",FALSE,FALSE,FALSE,FALSE,651,30.6604,-14.7837051904083,-0.2315,FALSE,3.29672750948891,1.19293031265735,0.22301665461075,0.119146985477212
"Talk Guru",TRUE,2011-03-29,2011-09-30,102000,"service",FALSE,FALSE,FALSE,FALSE,185,134.0342,-14.5990866564864,-0.3355,FALSE,3.13961533270411,1.1441002869075,0.0404952543281822,0.192993290982444
"Mini",TRUE,2005-01-13,2012-07-31,579000,"thing",TRUE,FALSE,FALSE,FALSE,2756,191.2785,-9.41811490432032,-0.5578,FALSE,1.03767598618344,0.0369835839750356,0.8812956596165,0.339014103775533
"FeedBurner API",TRUE,2007-06-03,2012-10-20,7050,"service",TRUE,FALSE,TRUE,FALSE,1966,3.2699,-15.1504335684854,-0.0782,FALSE,3.53426101522495,1.26250422946806,1.84100974191058,0.00786906415971363
"Current",TRUE,2005-08-01,2007-07-10,269000,"other",TRUE,FALSE,FALSE,FALSE,708,95.1539,-10.4887344301712,-0.4343,FALSE,0.272581652041885,-1.29981706924142,0.02152821223932,0.841296773556591
"Living Stories",TRUE,2009-12-08,2010-02-17,87500,"service",FALSE,TRUE,FALSE,FALSE,71,70.7357,-14.0288330180534,-0.3036,FALSE,2.99433560766253,1.0967223731231,0.0163167080931529,0.243373349661821
"Yinyue",TRUE,2009-03-30,2012-10-01,135000,"service",TRUE,FALSE,FALSE,FALSE,1281,90.604,-13.2106010717106,-0.3411,FALSE,1.78962300661944,0.582004986843958,0.404674883751287,0.128063165197008
"Open Spot",TRUE,2010-07-09,2012-06-25,101000,"program",FALSE,FALSE,FALSE,FALSE,717,98.6328,-14.2091415702676,-0.3231,FALSE,2.01089701765953,0.698580899961378,0.164678625490747,0.25325685797812
"Panoramio app",TRUE,2009-10-20,2012-06-05,2520,"program",FALSE,FALSE,TRUE,TRUE,959,1.9596,-17.5017259450631,-0.0384,FALSE,10.9237099113292,2.39093564808944,1.71283557496999,0.000181768373618451
"Real-Time Search",TRUE,2009-12-07,2011-07-02,529000,"service",FALSE,FALSE,TRUE,FALSE,572,427.3021,-12.2279632374192,-0.4954,FALSE,1.98255913263903,0.684388501390505,0.103634164554559,0.269864352081177
"Secure Access",TRUE,2005-09-20,2005-10-22,121000,"program",FALSE,FALSE,FALSE,FALSE,32,43.5722,-11.3636623711462,-0.3321,FALSE,0.947409320625667,-0.0540240504306122,0.00343513761953757,0.646709728312254
"Supplemental Result",TRUE,2003-09-01,2007-07-31,20000,"service",FALSE,FALSE,FALSE,FALSE,1429,5.6705,-12.02361403864,-0.1443,TRUE,0.580865265440386,-0.54323645015876,0.171224951761306,0.533977806416596
"Visigami",TRUE,2008-04-30,2011-08-20,33600,"program",FALSE,TRUE,FALSE,FALSE,1207,18.4211,-14.0936223086208,-0.2067,FALSE,2.16295717054224,0.771476345823536,0.45507272426861,0.163402682162217
"Doctype",TRUE,2008-05-14,2011-10-04,13400,"program",FALSE,TRUE,FALSE,FALSE,1238,7.4033,-15.0341756585846,-0.1332,FALSE,2.77387337959789,1.02024467542832,0.611572197074445,0.100738240640425
"Frommer's travel guides",TRUE,2012-08-31,2013-03-21,1350000,"thing",TRUE,TRUE,TRUE,FALSE,202,5625,-12.8081936529649,-0.6742,FALSE,3.33512406838076,1.20450988058888,0.0493592789435027,0.175311171244388
"Google X",TRUE,2005-03-15,2005-03-16,7530000,"service",FALSE,FALSE,FALSE,FALSE,1,2538.7728,-6.9454957316027,-1.1287,FALSE,0.414696165549613,-0.880209158096126,0.000750777800781971,0.830343203325834
"RE<C",TRUE,2007-11-27,2011-11-23,220000,"other",FALSE,FALSE,FALSE,FALSE,1457,111.1673,-11.9788987976308,-0.3933,FALSE,0.491236990102475,-0.710828599401313,0.148276420069011,0.59040555789084
"Gizmo5",TRUE,2009-11-12,2011-04-03,288000,"program",TRUE,FALSE,TRUE,FALSE,507,228.0285,-12.7979876356566,-0.4242,FALSE,1.34705418971175,0.297920126546088,0.0543565000691235,0.404124373525072
"Zingku",TRUE,2007-09-27,2010-05-15,11000,"service",FALSE,FALSE,TRUE,TRUE,961,5.3922,-14.8819024006814,-0.1132,FALSE,7.69366246060566,2.040396932898,1.23746257666651,0.00239358734312344
"Social Gold",TRUE,2010-08-13,2011-05-31,19500,"service",TRUE,FALSE,TRUE,TRUE,291,19.7169,-15.9070525964181,-0.1874,FALSE,8.30358780072152,2.11668768655006,0.171792034159322,0.00653985029313682
"BeatThatQuote.com",TRUE,2011-03-07,2013-03-02,103000,"service",TRUE,FALSE,TRUE,FALSE,726,131.5453,-14.5558873544743,-0.3352,FALSE,3.01998490412458,1.10525183274004,0.256201482046236,0.128268832710089
"Starred search",TRUE,2010-03-03,2011-03-12,13600,"service",FALSE,FALSE,FALSE,FALSE,374,11.8056,-16.0196141005238,-0.1541,FALSE,4.57139159838015,1.51981766585736,0.123633140135807,0.0579281906701818
"Image Swirl",TRUE,2009-10-17,2011-09-02,50100,"service",FALSE,FALSE,FALSE,FALSE,685,38.8673,-14.5074034120774,-0.2523,FALSE,3.06439711943893,1.11985085165191,0.224248125836175,0.140784413502165
"India Elections Centre",TRUE,2009-04-06,2011-12-15,10100,"service",FALSE,FALSE,FALSE,FALSE,983,6.8105,-15.8139814212776,-0.1213,FALSE,4.32940265750392,1.46542957811073,0.751208638867571,0.0353963994128395
"Academic Cluster Computing Initiative",TRUE,2007-10-08,2011-12-22,55100,"service",FALSE,TRUE,FALSE,FALSE,1536,27.1562,-13.2873695208543,-0.2485,FALSE,2.46110788798164,0.900611609530356,0.875827138819972,0.0815081358553821
"Unofficial Guides",FALSE,2012-08-31,2013-04-01,325000,"thing",TRUE,FALSE,TRUE,FALSE,213,1354.1667,-14.2322283420677,-0.5067,FALSE,4.38287802427,1.4777055917704,0.064865862420622,0.101448879394365
"WhatsonWhen",FALSE,2012-08-31,2013-04-01,224000,"service",TRUE,FALSE,TRUE,FALSE,213,933.3333,-14.6044074725424,-0.4683,FALSE,4.83627015115229,1.57614379371344,0.0715759901408288,0.0800658899409825
"Zagat",FALSE,2011-09-08,2013-04-01,4680000,"service",TRUE,FALSE,TRUE,FALSE,571,7826.087,-11.020789249581,-0.8135,FALSE,1.18559951974075,0.170248570482636,0.0590589715764551,0.455563237806735
"3D Warehouse",FALSE,2006-04-24,2013-04-01,8670000,"service",FALSE,FALSE,FALSE,FALSE,2534,3385.3963,-7.42017954907851,-1.0953,FALSE,0.470170755005127,-0.754659341737047,0.335215504667049,0.574520333189688
"Accessible Search",FALSE,2006-07-20,2013-04-01,43300,"service",FALSE,FALSE,FALSE,FALSE,2447,17.502,-12.8519033499723,-0.2227,FALSE,1.97780020928976,0.681985221673225,1.41010321937279,0.0971644952392334
"Ad Manager",FALSE,2008-03-13,2013-04-01,308000,"service",TRUE,FALSE,FALSE,FALSE,1845,164.5299,-11.8050817699252,-0.4323,FALSE,1.23399532053379,0.210257133364005,0.555461362010321,0.168820703472647
"AdMob",FALSE,2011-11-09,2013-04-01,2590000,"service",TRUE,FALSE,TRUE,FALSE,509,4832.0896,-11.7066782964418,-0.7246,FALSE,1.42142567797213,0.351660366515621,0.0573575477163833,0.3844062710072
"AdSense",FALSE,2003-06-18,2013-04-01,39700000,"service",TRUE,FALSE,TRUE,FALSE,3575,11021.6546,-4.31622918506381,-2.1564,TRUE,0.0735936497442529,-2.60919653761843,0.139240980549735,1
"AdWords",FALSE,2000-10-23,2013-04-01,28100000,"service",TRUE,FALSE,FALSE,FALSE,4543,6148.7965,-3.19031320547934,-2.7345,TRUE,0.0462163424137129,-3.07442181154427,0.202953756831564,0.916257697647493
"AdWords Editor",FALSE,2006-01-22,2013-04-01,301000,"program",TRUE,FALSE,FALSE,FALSE,2626,113.4565,-10.6408402772795,-0.4446,FALSE,0.64399968545439,-0.440057041302762,0.492570887554068,0.483983002396343
"AdWords Express",FALSE,2011-07-25,2013-04-01,170000,"service",TRUE,FALSE,FALSE,FALSE,616,264.3857,-14.2676378051695,-0.3909,FALSE,2.36690259093692,0.861582176722186,0.141486933847355,0.213096136255494
"Ad Planner",FALSE,2008-06-24,2013-04-01,4530000,"service",TRUE,FALSE,FALSE,FALSE,1742,2560.7688,-9.27327897477976,-0.8463,FALSE,0.631673212946083,-0.459383086684387,0.27610804597069,0.398979587422491
"A Google A Day",FALSE,2011-04-11,2013-04-01,3260000,"service",FALSE,FALSE,FALSE,FALSE,721,4358.2888,-11.1543388432221,-0.7513,FALSE,1.26237378548599,0.232993905277569,0.103379724582485,0.422255386265503
"Aerial View",FALSE,2009-12-08,2013-04-01,2980000,"service",FALSE,FALSE,FALSE,FALSE,1210,2409.0542,-10.5007932319175,-0.7416,FALSE,1.06198167953894,0.0601366717659979,0.228682015180705,0.413047039057746
"Alerts",FALSE,2004-09-11,2013-04-01,1530000,"service",FALSE,FALSE,FALSE,FALSE,3124,485.5601,-8.2578967422214,-0.749,TRUE,0.214544839758196,-1.53923651929879,0.294928661274217,0.894943111498801
"Analytics",FALSE,2005-11-11,2013-04-01,76100000,"service",TRUE,FALSE,TRUE,FALSE,2698,27926.6055,-4.99869676414194,-2.048,FALSE,0.241100006030108,-1.42254346878419,0.184408232863884,0.76209139830197
"Android",FALSE,2008-09-23,2013-04-01,58600000,"program",FALSE,TRUE,TRUE,FALSE,1651,34922.5268,-6.85159915237701,-1.5268,FALSE,0.376609353198137,-0.976546827172277,0.155696311850007,0.573073045820659
"AngularJS",FALSE,2009-10-13,2013-04-01,687000,"program",FALSE,TRUE,FALSE,FALSE,1266,531.3225,-11.8830095593883,-0.5281,FALSE,1.20537190026535,0.186788150251497,0.265755440302017,0.36884391653506
"App Engine",FALSE,2008-04-07,2013-04-01,10600000,"service",TRUE,FALSE,FALSE,FALSE,1820,5739.0363,-8.30457582628359,-1.0422,FALSE,0.488900250204399,-0.715596797627574,0.213701151152091,0.491071816367453
"App Inventor for Android",TRUE,2010-07-12,2011-12-31,1010000,"program",FALSE,TRUE,FALSE,FALSE,537,989.2262,-11.9111169036917,-0.579,FALSE,1.21436620997186,0.194222302808896,0.0518334883512941,0.443102312221612
"Apps",FALSE,2006-08-28,2013-04-01,1.4e+07,"service",TRUE,FALSE,FALSE,FALSE,2408,5749.4867,-7.13252891981993,-1.2137,FALSE,0.358583691826151,-1.02559319618446,0.255657783775952,0.655283722326834
"Apps Marketplace",FALSE,2010-03-09,2013-04-01,2820000,"service",TRUE,FALSE,FALSE,FALSE,1119,2460.733,-10.69431258217,-0.7301,FALSE,0.919861805302326,-0.0835318318498537,0.180124788983716,0.456656731617851
"Apps Script",FALSE,2009-05-01,2013-04-01,1030000,"service",FALSE,FALSE,FALSE,FALSE,1431,706.4472,-11.2272063173861,-0.5843,FALSE,1.28693925678221,0.252266729972734,0.379358390443955,0.249178386256309
"Art Project",FALSE,2011-02-01,2013-04-01,21400000,"service",FALSE,FALSE,FALSE,TRUE,790,26193.3905,-9.16778530895442,-1.1097,FALSE,1.43567000664095,0.361631643828565,0.161043667894773,0.391788549904154
"Audio Indexing",FALSE,2008-09-16,2013-04-01,26900,"service",FALSE,FALSE,FALSE,FALSE,1658,15.9644,-14.5273218463585,-0.1907,FALSE,3.0805837474933,1.12511910743416,1.27356244277194,0.0105247454948634
"Authenticator",FALSE,2010-03-25,2013-04-01,310000,"program",FALSE,TRUE,FALSE,FALSE,1103,274.3363,-12.9265547228534,-0.4343,FALSE,1.58851073884363,0.462796935071994,0.311057769746767,0.258314291775677
"Blogger",FALSE,2003-02-18,2013-04-01,1490000,"service",TRUE,FALSE,TRUE,TRUE,3695,400.3224,-7.41638719607174,-0.808,TRUE,0.321368438301426,-1.1351670311808,0.608036924684824,1
"Blogger Mobile",FALSE,2005-05-06,2013-04-01,71600,"program",FALSE,FALSE,FALSE,FALSE,2887,24.571,-11.6800983696788,-0.2741,FALSE,1.03011512630682,0.0296705691088134,1.07952575084208,0.419285190845578
"Blog Search",FALSE,2005-09-14,2013-04-01,12900000,"service",FALSE,FALSE,FALSE,FALSE,2756,4635.2857,-6.68534947355683,-1.2627,FALSE,0.387121910270661,-0.94901562193945,0.328781685041007,0.667943185756201
"Bookmarks",FALSE,2005-10-10,2013-04-01,1.46e+08,"service",FALSE,FALSE,FALSE,FALSE,2730,52956.1117,-4.29849385884048,-2.5305,FALSE,0.205909495187979,-1.58031855047997,0.157492348352608,0.79291955011017
"Books",FALSE,2004-12-14,2013-04-01,1.09e+08,"service",TRUE,FALSE,FALSE,FALSE,3030,35655.8718,-4.13470995650008,-2.535,TRUE,0.0593301936257007,-2.82463693517906,0.0621760327421051,0.951154043334542
"Books App",FALSE,2010-12-06,2013-04-01,1390000,"program",FALSE,FALSE,FALSE,FALSE,847,1590.389,-11.8152243818939,-0.6239,FALSE,1.06759691137319,0.0654102454878382,0.140406210710922,0.508574263448948
"Boutiques",FALSE,2010-11-17,2013-04-01,29000,"service",TRUE,FALSE,TRUE,TRUE,866,32.4748,-15.6561048773836,-0.2223,FALSE,7.770341835838,2.05031415772818,1.07357333792196,0.00767657374678943
"Building Maker",FALSE,2009-10-13,2013-04-01,1760000,"service",FALSE,FALSE,FALSE,FALSE,1266,1361.1756,-10.9422747635784,-0.6595,FALSE,1.19351742552234,0.176904767044028,0.263141814454106,0.372479516509241
"Calendar",FALSE,2006-04-13,2013-04-01,23300000,"service",FALSE,FALSE,FALSE,FALSE,2545,9059.098,-6.41487341576591,-1.4204,FALSE,0.36039514315244,-1.02055422960835,0.275652550059119,0.666231238458827
"Certification Program",FALSE,2004-11-17,2013-04-01,536000,"service",TRUE,FALSE,FALSE,FALSE,3057,173.8003,-9.40863511887679,-0.5482,TRUE,0.239373840194052,-1.42972876420131,0.250855674252539,0.81705462867151
"Chart Tools",FALSE,2007-12-06,2013-04-01,122000,"service",FALSE,FALSE,FALSE,FALSE,1943,61.9289,-12.5821865785044,-0.3279,FALSE,1.8416233512082,0.61064743875316,0.905046111928011,0.0758659625837341
"Checkout",FALSE,2006-06-28,2013-04-01,23500000,"service",TRUE,FALSE,FALSE,FALSE,2469,9415.0641,-6.52185715778176,-1.403,FALSE,0.305101533006631,-1.1871106626683,0.217526852261138,0.697924711637215
"Checkout Store Gadget",FALSE,2009-07-31,2013-04-01,89200,"service",TRUE,FALSE,FALSE,FALSE,1340,65.2524,-13.8119722937091,-0.3025,FALSE,2.09816371318295,0.741062539905356,0.523604588806198,0.0943822034562564
"Chrome",FALSE,2008-09-02,2013-04-01,1.71e+08,"program",FALSE,TRUE,FALSE,FALSE,1672,100647.4397,-5.74874730752994,-2.0038,FALSE,0.237955443646426,-1.43567183440658,0.0983745747304604,0.703440988149617
"Chromebook",FALSE,2008-09-02,2013-04-01,43600000,"thing",TRUE,TRUE,FALSE,FALSE,1672,25662.1542,-7.11535371367762,-1.4269,FALSE,0.625860495505219,-0.46862778334757,0.258740708522749,0.396447547520435
"Chromebook Pixel",FALSE,2013-02-21,2013-04-01,21100000,"thing",TRUE,TRUE,FALSE,FALSE,39,319696.9697,-10.3235299371886,-1.2278,FALSE,1.46214923624992,0.379907432896436,0.0053014929634672,0.51034733600214
"Chromebox",FALSE,2012-05-29,2013-04-01,768000,"thing",TRUE,TRUE,FALSE,FALSE,307,2299.4012,-13.2293704301463,-0.5851,FALSE,3.15338799899268,1.14847743007819,0.065240104860874,0.148061139097267
"Chrome Experiments",FALSE,2009-03-01,2013-04-01,181000,"service",FALSE,TRUE,FALSE,FALSE,1492,119.1573,-12.8732946968407,-0.3713,FALSE,2.2058046310975,0.791092354396955,0.713878339579327,0.0984626871606362
"Chrome OS",FALSE,2009-07-07,2013-04-01,28300000,"program",TRUE,FALSE,FALSE,FALSE,1364,20345.0755,-8.01575283831821,-1.2376,FALSE,0.321624599675169,-1.13437025307539,0.0822058869488218,0.697759375614152
"Chrome Web Store",FALSE,2010-12-07,2013-04-01,2.7e+07,"service",TRUE,FALSE,FALSE,FALSE,846,30927.8351,-8.85021140517157,-1.1683,FALSE,0.564801551262233,-0.571280846237768,0.0742805124027374,0.699276342550327
"Closure Tools",FALSE,2009-11-05,2013-04-01,85700,"program",FALSE,TRUE,FALSE,FALSE,1243,67.4803,-13.999454295213,-0.3009,FALSE,2.10975053446196,0.74656971038543,0.465149122930379,0.174521870223979
"Cloud Print",FALSE,2011-01-24,2013-04-01,1280000,"service",FALSE,FALSE,FALSE,FALSE,798,1551.5152,-11.9721550159355,-0.6137,FALSE,1.56721365337114,0.449299299562225,0.180762776435954,0.361346457236452
"Code",FALSE,2005-03-17,2013-04-01,14300000,"service",FALSE,FALSE,FALSE,FALSE,2937,4824.5614,-6.30717152042744,-1.3447,FALSE,0.350273689089371,-1.04904046125023,0.367074958475858,0.744115291639621
"Compute Engine",FALSE,2012-06-29,2013-04-01,218000,"service",TRUE,FALSE,FALSE,FALSE,276,719.4719,-14.5357895068262,-0.4526,FALSE,2.54086865326924,0.932506012041453,0.047507760578534,0.213488658086524
"Consumer Surveys",FALSE,2012-03-29,2013-04-01,175000,"service",TRUE,FALSE,FALSE,FALSE,368,443.038,-14.6156455188671,-0.4169,FALSE,2.59510569315874,0.953627245329366,0.0646146288698205,0.19737400023058
"Contacts",FALSE,2007-01-01,2013-04-01,1220000,"service",FALSE,FALSE,FALSE,FALSE,2282,528.3673,-9.76427330025425,-0.6421,FALSE,0.874007291262297,-0.134666560956025,0.623137003108534,0.356919196366084
"Correlate",FALSE,2011-05-25,2013-04-01,75500,"service",FALSE,FALSE,FALSE,FALSE,677,107.2443,-14.9865749154614,-0.312,FALSE,3.47845288832013,1.24658762261301,0.244725589878861,0.106965382399522
"Currents",FALSE,2011-12-08,2013-04-01,10600000,"program",TRUE,FALSE,FALSE,FALSE,480,20907.2978,-10.3415662930778,-0.9619,FALSE,0.594988944310723,-0.519212454599518,0.0226307798344962,0.669267423631564
"Custom Search",FALSE,2006-05-10,2013-04-01,96600000,"service",TRUE,FALSE,FALSE,FALSE,2518,37956.778,-5.03379187288287,-2.0947,FALSE,0.205832772506835,-1.58069122381498,0.146751655602536,0.784562236192146
"Dart",FALSE,2011-10-10,2013-04-01,181000,"program",FALSE,TRUE,FALSE,FALSE,539,319.788,-14.3219901556876,-0.4027,FALSE,2.29762893029662,0.831877691321316,0.0980710113771083,0.214374215378948
"Dashboard",FALSE,2009-11-05,2013-04-01,193000,"service",FALSE,FALSE,FALSE,FALSE,1243,151.9685,-13.1876169319119,-0.3809,FALSE,2.16144849700855,0.770778597410974,0.476547277140097,0.167213604034057
"DataWiki",FALSE,2010-11-13,2013-04-01,158000,"service",FALSE,TRUE,FALSE,FALSE,870,176.1427,-13.9547251057855,-0.3706,FALSE,2.93621537051416,1.07712146314167,0.405676172654597,0.158804539299104
"Developers",FALSE,2011-09-23,2013-04-01,965000,"service",FALSE,FALSE,FALSE,FALSE,556,1655.2316,-12.6225166692447,-0.5872,FALSE,1.86137302963105,0.621314403372062,0.0882495391935282,0.289724585210312
"Docs",FALSE,2006-06-06,2013-04-01,17500000,"service",TRUE,FALSE,TRUE,FALSE,2491,6949.9603,-6.78321357093563,-1.3042,FALSE,0.386526823812373,-0.950554011519718,0.275580271491372,0.634052228598646
"DoubleClick",FALSE,2007-04-13,2013-04-01,9430000,"service",TRUE,FALSE,TRUE,FALSE,2180,4272.7685,-7.87428256057272,-1.0617,FALSE,0.515831261031233,-0.661975580486512,0.335383458764298,0.527066651178141
"DoubleClick for Publishers",FALSE,2010-02-22,2013-04-01,1220000,"service",TRUE,FALSE,FALSE,FALSE,1134,1050.8183,-11.5093964762839,-0.6045,FALSE,1.14116640096374,0.132050898076378,0.223460041480189,0.378174833174672
"Drive",FALSE,2012-04-24,2013-04-01,15500000,"service",TRUE,FALSE,FALSE,FALSE,342,42005.4201,-10.1713598855076,-1.0466,FALSE,0.80103682868943,-0.22184835458195,0.0165725647201721,0.603963313680481
"Drive Android app",FALSE,2012-04-24,2013-04-01,183000,"program",FALSE,FALSE,FALSE,FALSE,342,495.935,-14.6104690355735,-0.4248,FALSE,2.23608951395742,0.80472858756732,0.0462622152476903,0.24473506890176
"Earth",FALSE,2005-06-28,2013-04-01,1.15e+08,"program",TRUE,FALSE,TRUE,FALSE,2834,40195.7358,-4.37907356968811,-2.4209,FALSE,0.145320918063524,-1.92881075411865,0.152291398484775,0.884598517928435
"Earth Engine",FALSE,2010-12-02,2013-04-01,790000,"service",FALSE,FALSE,FALSE,FALSE,851,899.7722,-12.374169894,-0.5497,FALSE,1.7430366651489,0.555628801972919,0.23499170277004,0.333481774167812
"FeedBurner",FALSE,2007-06-03,2013-04-01,46900000,"service",TRUE,FALSE,TRUE,TRUE,2129,21753.2468,-6.34768823087518,-1.5734,FALSE,0.662534557674037,-0.411682559955328,0.415036419058849,0.432443803609485
"Fetch as Google",FALSE,2009-10-12,2013-04-01,136000,"service",FALSE,FALSE,FALSE,FALSE,1267,105.1005,-13.5011688237352,-0.3448,FALSE,2.34834399166965,0.85371039535342,0.517753227322934,0.143255016448519
"Fiber",FALSE,2010-02-10,2013-04-01,2260000,"other",TRUE,FALSE,FALSE,FALSE,1146,1926.6837,-10.8746408160721,-0.6955,FALSE,0.301873227733008,-1.19774812545628,0.0591119787035511,0.77319134814992
"Field Trip",FALSE,2012-09-27,2013-04-01,6670000,"program",TRUE,FALSE,FALSE,FALSE,186,31314.554,-11.2517222232515,-0.92,FALSE,0.75693039143473,-0.278483982963223,0.00976300771326647,0.6725895487593
"Finance",FALSE,2006-03-21,2013-04-01,5170000,"service",TRUE,FALSE,FALSE,FALSE,2568,1992.2929,-7.88549081861107,-0.9634,FALSE,0.437603861538585,-0.826441203556388,0.334706564837933,0.610715342432312
"Finance for Android",FALSE,2009-03-03,2013-04-01,879000,"program",FALSE,FALSE,FALSE,FALSE,1490,579.4331,-11.2960471147001,-0.5632,FALSE,0.930616779970263,-0.0719077083885001,0.294282253665833,0.373482260766968
"Flights",FALSE,2011-09-13,2013-04-01,151000,"service",TRUE,FALSE,TRUE,FALSE,566,254.6374,-14.4621635123747,-0.3831,FALSE,2.94604230126868,1.08046267682013,0.146752951259383,0.141757103109131
"Flu Trends",FALSE,2008-11-11,2013-04-01,8530000,"service",FALSE,FALSE,FALSE,FALSE,1602,5236.3413,-8.85323145228693,-0.9673,FALSE,0.686856869171134,-0.375629350283813,0.25679795690821,0.352556992477437
"Flu Vaccine Finder",TRUE,2009-10-10,2012-04-20,345000,"service",FALSE,TRUE,FALSE,FALSE,923,266.2037,-12.567239008161,-0.4444,FALSE,2.03428262471013,0.710143238175319,0.30328819250269,0.28575250037954
"Freebase",FALSE,2010-07-16,2013-04-01,2890000,"service",FALSE,TRUE,TRUE,FALSE,990,2841.6912,-10.8658913009782,-0.7318,FALSE,1.5335440191526,0.427581409183074,0.266090176037197,0.306209362384575
"Friend Connect",FALSE,2008-05-12,2013-04-01,3e+06,"service",FALSE,FALSE,FALSE,TRUE,1785,1655.6291,-9.62002251361245,-0.7705,FALSE,1.61808689562288,0.48124452277077,0.707275220485481,0.0950164047079588
"Fusion Tables",FALSE,2009-06-09,2013-04-01,371000,"service",FALSE,FALSE,FALSE,FALSE,1392,261.4517,-12.3076038794389,-0.4523,FALSE,1.71261708485286,0.538022659534071,0.458996902366417,0.150309982559783
"Gadgets",FALSE,2006-05-10,2013-04-01,1550000,"service",FALSE,FALSE,FALSE,FALSE,2518,609.0373,-9.16611568317018,-0.6995,FALSE,0.746116038745269,-0.292874142958789,0.531954958503209,0.414993290385528
"Gadgets API",FALSE,2006-05-10,2013-04-01,814000,"service",FALSE,FALSE,FALSE,FALSE,2518,319.8428,-9.81016552708093,-0.5879,FALSE,0.884680727599911,-0.122528458837782,0.630746794467007,0.352456782164393
"Generate Your Projects",FALSE,2009-05-19,2013-04-01,7350000,"service",FALSE,TRUE,FALSE,FALSE,1413,5104.1667,-9.28942736491212,-0.9191,FALSE,0.854866509079111,-0.156809951966926,0.246109106943064,0.394973524312954
"Gmail",FALSE,2004-04-01,2013-04-01,3.27e+08,"service",TRUE,FALSE,FALSE,TRUE,3287,98672.2993,-2.64542113800651,-4.347,TRUE,0.0769594264296855,-2.56447692548918,0.105793924640276,0.960966616895473
"Gmail App",FALSE,2006-11-02,2013-04-01,738000,"program",FALSE,FALSE,FALSE,FALSE,2342,311.5238,-10.1757270850172,-0.5642,FALSE,0.691963002259383,-0.368222789736856,0.493345714390033,0.442347607655389
"Gmail Notifier",FALSE,2004-08-23,2013-04-01,1130000,"program",FALSE,FALSE,FALSE,FALSE,3143,356.4669,-8.53206414425292,-0.6887,TRUE,0.163800865447866,-1.80910382401262,0.22517236963865,0.918748677261039
"Go",FALSE,2009-11-10,2013-04-01,840000,"program",FALSE,TRUE,FALSE,FALSE,1238,664.0316,-11.7245059396764,-0.5543,FALSE,1.15588385796318,0.144865296312863,0.254844520220999,0.384261081928541
"Goggles",FALSE,2009-12-04,2013-04-01,1330000,"program",FALSE,FALSE,FALSE,FALSE,1214,1071.7164,-11.3014570216435,-0.6174,FALSE,0.931949328629731,-0.0704768341975976,0.200681475606884,0.460275384700688
"goo.gl",FALSE,2009-12-14,2013-04-01,48600000,"service",FALSE,FALSE,FALSE,FALSE,1204,39480.0975,-7.71821385436473,-1.3712,FALSE,0.50873307381173,-0.67583181292773,0.10207498433855,0.6498334939655
"Google+",FALSE,2011-06-28,2013-04-01,2.42e+09,"service",TRUE,FALSE,FALSE,TRUE,643,3611940.2985,-4.6631143063231,-3.2381,FALSE,0.358915573342132,-1.02466808990001,0.0233169484184617,0.792488812384814
"Grants",FALSE,2003-04-01,2013-04-01,184000,"other",FALSE,FALSE,FALSE,FALSE,3653,50,-9.571828807257,-0.4087,TRUE,0.0950241433156854,-2.35362427950463,0.179787997159468,1
"Groups",FALSE,2001-02-12,2013-04-01,3.9e+07,"service",TRUE,FALSE,TRUE,FALSE,4431,8748.3176,-3.03277705530205,-2.9928,TRUE,0.0524099580577898,-2.94865866643952,0.230152308202933,0.905581686605389
"Hotel Finder",FALSE,2011-07-28,2013-04-01,532000,"service",TRUE,FALSE,FALSE,FALSE,613,831.25,-13.1313531792963,-0.512,FALSE,1.75250220127786,0.561044596004486,0.100295505604756,0.316901829149398
"Hotpot",FALSE,2010-11-15,2013-04-01,83900,"service",TRUE,FALSE,FALSE,TRUE,868,93.743,-14.5907348096181,-0.3112,FALSE,4.95849744552033,1.60110276047205,0.685080626583615,0.0447150628786752
"I10-index",FALSE,2011-07-20,2013-04-01,978000,"service",FALSE,FALSE,FALSE,FALSE,621,1509.2593,-12.5103258614879,-0.5851,FALSE,1.80695099684222,0.591640892726729,0.108014566013224,0.307199081598781
"Ideas",FALSE,2010-10-17,2013-04-01,155000,"other",FALSE,FALSE,FALSE,FALSE,897,167.7489,-13.9328511841295,-0.3677,FALSE,0.823637413455957,-0.194024878128894,0.119722648150217,0.600355142265469
"Image Search",FALSE,2001-07-12,2013-04-01,2.6e+07,"service",TRUE,FALSE,FALSE,FALSE,4281,6035.2832,-3.66626348432001,-2.3745,TRUE,0.0524163335651072,-2.94853702696861,0.230180305510686,0.905570481462455
"IME",FALSE,2007-04-04,2013-04-01,247000,"program",FALSE,FALSE,FALSE,FALSE,2189,111.4621,-11.5028643203177,-0.4098,FALSE,0.982940859882497,-0.0172063235314048,0.639089039871478,0.29512291544085
"Insights for Search",FALSE,2008-08-05,2013-04-01,532000,"service",FALSE,FALSE,FALSE,FALSE,1700,308.0486,-11.4789586737699,-0.4992,FALSE,1.37554921230909,0.318853078502639,0.568673978237689,0.130879579138858
"Intersection Explorer",FALSE,2010-10-13,2013-04-01,39500,"program",FALSE,FALSE,FALSE,FALSE,901,42.5647,-15.293895060584,-0.2453,FALSE,2.67912148144763,0.985488935352833,0.389432914574848,0.190198526509876
"Japanese Input",FALSE,2009-12-03,2013-04-01,1370000,"program",FALSE,FALSE,FALSE,FALSE,1215,1103.0596,-11.2703050818978,-0.6216,FALSE,0.924302152198054,-0.0787162562514373,0.199034769500242,0.463215278340121
"Keep",FALSE,2013-03-20,2013-04-01,4480000,"program",FALSE,FALSE,FALSE,FALSE,12,114871.7949,-11.9142237690075,-0.978,FALSE,1.09592059711728,0.0915947380156585,0.00198408599858863,0.611817774937242
"Knowledge Graph",FALSE,2012-05-16,2013-04-01,875000,"service",FALSE,FALSE,FALSE,FALSE,320,2521.6138,-13.0791744291241,-0.5989,FALSE,2.10033421364844,0.742096481422861,0.0434535884531421,0.280198517640966
"Latitude",FALSE,2009-02-05,2013-04-01,1340000,"service",TRUE,FALSE,FALSE,TRUE,1516,868.4381,-10.834883423816,-0.6245,FALSE,1.83622556323434,0.607712140444271,0.622897659061663,0.149407043579859
"Life Search",FALSE,2007-04-18,2013-04-01,180000,"service",TRUE,FALSE,FALSE,FALSE,2175,81.7439,-11.840577796007,-0.3719,FALSE,1.24563511099627,0.219645529159223,0.80988773547574,0.212988912904136
"Local Business Center",FALSE,2005-03-15,2013-04-01,128000,"service",TRUE,FALSE,FALSE,FALSE,2939,43.1558,-11.020115788477,-0.3416,FALSE,1.00264382291062,0.00264033415857325,1.05073675564335,0.429116252765876
"Map Maker",FALSE,2008-06-23,2013-04-01,1290000,"service",FALSE,FALSE,FALSE,FALSE,1743,728.8136,-10.5278385537617,-0.6261,FALSE,1.06960554230295,0.0672899284516235,0.467530821621045,0.211007249183056
"Maps",FALSE,2005-02-08,2013-04-01,1.89e+08,"service",TRUE,FALSE,TRUE,FALSE,2974,62979.007,-3.6694387834759,-3.0115,FALSE,0.169632515707021,-1.77412085402962,0.177769129109274,0.866636676643292
"Maps App",FALSE,2012-12-13,2013-04-01,13300000,"program",FALSE,FALSE,FALSE,FALSE,109,97794.1176,-10.678628992685,-1.076,FALSE,0.790405219083722,-0.235209529478525,0.00430706938864522,0.681045901846066
"Maps Coordinate",FALSE,2012-06-21,2013-04-01,1830000,"service",TRUE,FALSE,FALSE,FALSE,284,5884.2444,-12.3960521866646,-0.7002,FALSE,1.44276839177304,0.366563762247691,0.0269760875826614,0.416103978332581
"Maps Navigation",FALSE,2009-10-28,2013-04-01,1380000,"program",FALSE,FALSE,FALSE,FALSE,1251,1079.8122,-11.2083072055503,-0.6232,FALSE,0.909269121705428,-0.0951141651404839,0.200471917205518,0.471247038899697
"Marratech e-Meeting",FALSE,2007-04-20,2013-04-01,8140,"program",FALSE,FALSE,TRUE,FALSE,2173,3.7,-14.9397847511616,-0.0876,FALSE,2.88423555881135,1.05925989389979,1.87527389416315,0.0278510994257575
"Mars",FALSE,2009-02-02,2013-04-01,271000,"program",FALSE,FALSE,FALSE,FALSE,1519,175.2911,-12.428629069463,-0.4157,FALSE,1.25564645988302,0.22765054743794,0.425949434606786,0.272536624369321
"Meebo",FALSE,2012-06-04,2013-04-01,3230000,"service",TRUE,FALSE,TRUE,TRUE,301,9847.561,-11.8020435999136,-0.7791,FALSE,2.80372211158548,1.03094785997641,0.058005904956516,0.182987143787568
"Merchant Center",FALSE,2009-09-28,2013-04-01,354000,"service",TRUE,FALSE,FALSE,FALSE,1281,270.6422,-12.5232448063858,-0.4472,FALSE,1.49213073816108,0.400205124055952,0.337405046075976,0.180218104512435
"Mobilizer",FALSE,2006-01-01,2013-04-01,28500,"service",FALSE,FALSE,FALSE,FALSE,2647,10.6582,-12.9661234698264,-0.1825,FALSE,2.03846172703802,0.712195468039851,1.55914191390273,0.100552777849582
"Moderator",FALSE,2008-09-25,2013-04-01,173000,"service",FALSE,FALSE,FALSE,FALSE,1649,103.222,-12.6798378177231,-0.3657,FALSE,1.8898082287898,0.636475357674722,0.781276855786334,0.0611940096563798
"Moon",FALSE,2009-07-20,2013-04-01,225000,"program",FALSE,FALSE,FALSE,FALSE,1351,163.2801,-12.8700313675573,-0.3959,FALSE,1.41113971460325,0.344397686114168,0.360681340807973,0.206185344129131
"Movies",FALSE,2005-02-23,2013-04-01,260000,"service",TRUE,FALSE,FALSE,FALSE,2959,87.073,-10.2810615785931,-0.4345,FALSE,0.824619514552294,-0.19283319351241,0.864173312159432,0.498669657529351
"Music",FALSE,2011-09-16,2013-04-01,3280000,"service",TRUE,FALSE,FALSE,FALSE,563,5559.322,-11.3884050742297,-0.7572,FALSE,1.10522585239056,0.100049705388335,0.0550552704476219,0.480501952170096
"My Tracks for Android",FALSE,2009-02-12,2013-04-01,326000,"program",FALSE,TRUE,FALSE,TRUE,1509,212.2396,-12.25905193037,-0.437,FALSE,2.5607811056451,0.940312331344633,0.848311090082514,0.069142215439877
"News",FALSE,2002-03-02,2013-04-01,2.9e+07,"service",TRUE,FALSE,FALSE,FALSE,4048,7116.5644,-3.9112573108349,-2.2679,TRUE,0.0559253086916711,-2.88373825187739,0.105812048279111,1
"News Archive",FALSE,2006-06-06,2013-04-01,28200000,"service",TRUE,FALSE,TRUE,FALSE,2491,11199.3646,-6.30609247392103,-1.4785,FALSE,0.340701528659779,-1.07674846750468,0.242908419238618,0.669243809388285
"Ngram Viewer",FALSE,2010-12-17,2013-04-01,1610000,"service",FALSE,FALSE,FALSE,FALSE,836,1865.5852,-11.6850155135735,-0.6445,FALSE,1.45259752899127,0.37335335309477,0.186273848801685,0.396633214099883
"Now",FALSE,2012-07-09,2013-04-01,4850000,"program",FALSE,FALSE,FALSE,FALSE,266,16552.901,-11.4487520070777,-0.8485,FALSE,0.968972964092467,-0.0315185683139734,0.0181173220134569,0.575948075852379
"Offers",FALSE,2011-05-26,2013-04-01,1390000,"service",TRUE,FALSE,FALSE,FALSE,676,1977.2404,-12.0751686877311,-0.6285,FALSE,1.32537152562138,0.281692816829759,0.0932461467296112,0.4266943428739
"OpenSocial",FALSE,2007-11-01,2013-04-01,15400000,"program",FALSE,FALSE,FALSE,TRUE,1978,7680.798,-7.69087985995703,-1.1633,FALSE,0.689782135134815,-0.37137947743058,0.359310086354289,0.388457140502084
"Orkut",FALSE,2004-01-22,2013-04-01,2.36e+08,"service",TRUE,FALSE,FALSE,TRUE,3357,69739.9527,-2.86513955412025,-3.8925,TRUE,0.0815643270893686,-2.50636328062032,0.112124150006646,0.958679955326287
"Page Speed browser extension",FALSE,2009-06-04,2013-04-01,34700,"program",FALSE,TRUE,FALSE,FALSE,1397,24.368,-14.6694655443966,-0.2177,FALSE,2.51879840530316,0.92378196451456,0.691335517784351,0.06260950649375
"Page Speed Online API",FALSE,2011-05-11,2013-04-01,20700,"service",FALSE,FALSE,FALSE,FALSE,691,28.8301,-16.2592918814935,-0.2067,FALSE,4.87056716985568,1.58321039229601,0.356421024112996,0.0443312550165938
"Page Speed Service",FALSE,2011-07-28,2013-04-01,625000,"service",FALSE,FALSE,FALSE,FALSE,613,976.5625,-12.9702450189015,-0.5308,FALSE,2.04068509544092,0.713285582575973,0.116788180510185,0.262336554664557
"mod_pagespeed",FALSE,2010-11-03,2013-04-01,225000,"program",FALSE,TRUE,FALSE,FALSE,880,248.0706,-13.5860183152141,-0.4058,FALSE,1.89121489478887,0.637219424038768,0.261295825874983,0.305686223969471
"Panoramio",FALSE,2007-05-30,2013-04-01,1.08e+08,"service",FALSE,FALSE,TRUE,TRUE,2133,50000,-5.5074941106456,-1.9646,FALSE,0.644645960722612,-0.439054010990555,0.403830333074789,0.442344869525351
"Patents",FALSE,2006-12-14,2013-04-01,17900000,"service",FALSE,FALSE,FALSE,FALSE,2300,7692.3077,-7.05096088764354,-1.269,FALSE,0.426426813400232,-0.852314524898769,0.304027585586351,0.604921750655761
"Personalized Search",FALSE,2004-03-29,2013-04-01,28200000,"service",FALSE,FALSE,FALSE,FALSE,3290,8501.6581,-5.0914989045415,-1.7771,TRUE,0.0928544830867212,-2.37672170923947,0.127644404875648,0.953097084531542
"Person Finder",FALSE,2010-01-15,2013-04-01,666000,"program",FALSE,TRUE,FALSE,TRUE,1172,555.4629,-12.0569475421737,-0.5242,FALSE,2.42748913761474,0.886857446452319,0.475344194261233,0.126376619803529
"Picasa",FALSE,2004-07-13,2013-04-01,1.19e+09,"program",TRUE,FALSE,TRUE,TRUE,3184,370601.0589,-1.51024736315625,-8.4906,TRUE,0.0478505424156173,-3.03967282539785,0.0657787734805868,0.975548090197985
"Picasa Web Albums",FALSE,2006-06-14,2013-04-01,3.71e+09,"service",TRUE,FALSE,TRUE,TRUE,2483,1478087.6494,-1.43878843337881,-9.8738,FALSE,0.180857719146717,-1.71004463890316,0.128945305405133,0.80800223710891
"Pinyin",FALSE,2007-04-04,2013-04-01,4210000,"program",FALSE,FALSE,FALSE,FALSE,2189,1899.8195,-8.66703473026921,-0.8711,FALSE,0.464283911928014,-0.767259034722403,0.301868374397742,0.561901116132256
"Pinyin IME Android",FALSE,2009-03-29,2013-04-01,189000,"program",FALSE,TRUE,FALSE,FALSE,1464,126.7606,-12.87260869295,-0.3762,FALSE,1.5660063787122,0.448528670812039,0.483793922647441,0.188484917101869
"Plugin for Eclipse",FALSE,2009-04-07,2013-04-01,91700,"program",FALSE,TRUE,FALSE,FALSE,1455,61.8758,-13.6095146080018,-0.3031,FALSE,1.90300457582683,0.643433992844401,0.560959461830541,0.128120180302119
"Postini",FALSE,2007-07-09,2013-04-01,788000,"service",TRUE,FALSE,TRUE,FALSE,2093,371.6981,-10.48868821247,-0.5642,FALSE,1.02995219631548,0.0295123898203147,0.605723865399523,0.261149921021945
"Product Search",FALSE,2002-12-11,2013-04-01,5670000,"service",TRUE,FALSE,FALSE,FALSE,3764,1495.6476,-5.97508439067094,-1.2235,TRUE,0.0965326860498286,-2.33787361244609,0.182642196811655,1
"Profiles",FALSE,2008-12-01,2013-04-01,1960000,"service",FALSE,FALSE,FALSE,TRUE,1582,1218.1479,-10.3542791833361,-0.6862,FALSE,1.96491530386978,0.675449142035943,0.699248560786653,0.0489069778826574
"Project Glass",FALSE,2012-05-12,2013-04-01,5940000,"thing",TRUE,FALSE,FALSE,FALSE,324,16923.0769,-11.1578533345675,-0.8726,FALSE,1.64399547304692,0.497129543009103,0.034012445371976,0.369415349635535
"Public Data Explorer",FALSE,2011-02-16,2013-04-01,1220000,"service",FALSE,FALSE,FALSE,FALSE,775,1521.197,-12.055127504328,-0.6078,FALSE,1.60198712892229,0.471244814233301,0.164829431529869,0.346300749980998
"Public DNS",FALSE,2009-12-03,2013-04-01,696000,"service",FALSE,FALSE,FALSE,FALSE,1215,560.3865,-11.9475214403855,-0.5297,FALSE,1.55703586797189,0.442783929177332,0.335284597518702,0.273523111651976
"Questions and Answers",FALSE,2007-06-28,2013-04-01,15500000,"service",FALSE,FALSE,FALSE,TRUE,2104,7273.5805,-7.49286943588718,-1.1867,FALSE,0.921853186019854,-0.0813693023564483,0.577483303764373,0.311481203724296
"Quick Search Box",FALSE,2009-01-12,2013-04-01,213000,"program",FALSE,FALSE,FALSE,FALSE,1540,135.9285,-12.6375327397059,-0.3887,FALSE,1.32697747970314,0.282903784371957,0.472227526067564,0.258786640402589
"Refine",TRUE,2010-11-10,2012-10-02,101000,"program",FALSE,TRUE,TRUE,FALSE,692,112.2222,-14.397639195553,-0.3279,FALSE,2.77129945632649,1.01931632800529,0.210804692132838,0.171187124101875
"Safe Browsing API",FALSE,2007-06-18,2013-04-01,6480000,"service",FALSE,FALSE,FALSE,FALSE,2114,3026.6231,-8.34978752805421,-0.9599,FALSE,0.601225041588533,-0.508785969295228,0.376629845823347,0.467328698794351
"Schemer",FALSE,2011-12-08,2013-04-01,52600,"service",FALSE,FALSE,FALSE,TRUE,480,103.7475,-15.6474594534343,-0.2967,FALSE,7.96813230418332,2.07545012458512,0.30307293873672,0.00461768289334647
"Scholar",FALSE,2004-12-17,2013-04-01,35500000,"service",FALSE,FALSE,FALSE,FALSE,3027,11624.0995,-5.26108556866605,-1.7793,TRUE,0.0971142183250312,-2.33186748469268,0.101772410459241,0.921298240498027
"Scripting Layer for Android",FALSE,2009-06-08,2013-04-01,2490000,"program",FALSE,TRUE,FALSE,FALSE,1393,1753.5211,-10.4022478104482,-0.7181,FALSE,0.814760814464367,-0.204860687999543,0.218363283489499,0.405937853155026
"Search",FALSE,1997-09-15,2013-04-01,93400000,"service",TRUE,FALSE,FALSE,FALSE,5677,16374.4741,-0.265350250506159,-36.5686,TRUE,0.0213212822882494,-3.8480495366409,0.0936299610672472,0.960455664318658
"Search Appliance",FALSE,2002-02-11,2013-04-01,984000,"thing",TRUE,FALSE,FALSE,FALSE,4067,240.3517,-7.26579982210269,-0.7545,TRUE,0.214717600926486,-1.53843159829362,0.406250938745233,1
"Search for Android",FALSE,2008-09-23,2013-04-01,2290000,"program",TRUE,FALSE,FALSE,FALSE,1651,1364.7199,-10.0937820313938,-0.7152,FALSE,0.557245559153668,-0.584749275965198,0.230374199733098,0.438769128055164
"Shopper",FALSE,2011-02-01,2013-04-01,361000,"program",TRUE,FALSE,FALSE,FALSE,790,441.8605,-13.2500535516315,-0.4597,FALSE,1.28409936517496,0.250057589481445,0.144041507277127,0.43253022511062
"Shopping",FALSE,2002-12-11,2013-04-01,3120000,"service",TRUE,FALSE,FALSE,FALSE,3764,823.0018,-6.57244050658921,-1.0214,TRUE,0.113055320213026,-2.1798780206576,0.213903423699343,1
"Sites",FALSE,2006-11-01,2013-04-01,15600000,"service",TRUE,FALSE,TRUE,FALSE,2343,6582.2785,-7.12312457424061,-1.2343,FALSE,0.422886924485473,-0.860650453672929,0.301503767087658,0.607450959858278
"SketchUp",TRUE,2006-03-14,2012-04-26,30300000,"program",FALSE,TRUE,TRUE,FALSE,2235,11644.8885,-6.10657479964029,-1.5332,FALSE,0.309251812538498,-1.17359940664831,0.21073056442213,0.687778470550244
"Sky",FALSE,2007-08-27,2013-04-01,1030000,"program",FALSE,FALSE,FALSE,FALSE,2044,497.3443,-10.2953591859348,-0.6031,FALSE,0.714207944254699,-0.336581120592279,0.38344838960397,0.379980849800659
"Sky Map for Android",TRUE,2009-05-12,2012-01-20,247000,"program",FALSE,TRUE,FALSE,FALSE,983,170.698,-12.6718536255152,-0.4056,FALSE,1.48502360795218,0.395430669739193,0.257671242771199,0.317891647783156
"SMS",FALSE,2004-10-07,2013-04-01,619000,"service",FALSE,FALSE,FALSE,FALSE,3098,198.08,-9.20233817954765,-0.5747,TRUE,0.27542502643217,-1.28943982378735,0.288636095972955,0.792566990226553
"SMS Channels",FALSE,2008-09-25,2013-04-01,2440000,"service",TRUE,FALSE,FALSE,FALSE,1649,1455.8473,-10.0333760939337,-0.7259,FALSE,0.77232959062997,-0.258343889198576,0.31929336797551,0.31926224143183
"Speak To Tweet",FALSE,2011-01-31,2013-04-01,351000,"service",FALSE,FALSE,FALSE,FALSE,791,429.0954,-13.2766251443591,-0.4566,FALSE,2.21293681640167,0.794320509554982,0.24823215647343,0.235904583511471
"Street View",FALSE,2007-05-25,2013-04-01,1.07e+08,"service",TRUE,FALSE,FALSE,FALSE,2138,49422.6328,-5.50919579261092,-1.9618,FALSE,0.233411813272901,-1.45495094655919,0.146217887089414,0.74428240042052
"Suggest",FALSE,2008-08-25,2013-04-01,628000,"service",FALSE,FALSE,FALSE,FALSE,1680,367.8969,-11.3434648394314,-0.5208,FALSE,1.32712655003145,0.283016116312828,0.548655277526819,0.140591825476545
"Swiffy",FALSE,2011-06-28,2013-04-01,228000,"service",FALSE,FALSE,FALSE,FALSE,643,340.2985,-13.9330467755015,-0.4184,FALSE,2.63251174289552,0.967938425755082,0.171021112147669,0.181620009930865
"Sync",FALSE,2009-02-09,2013-04-01,1120000,"service",FALSE,FALSE,FALSE,FALSE,1512,727.7453,-11.0203049210294,-0.598,FALSE,1.21840554956294,0.197543077384027,0.403621745581392,0.280516875741941
"Takeout",FALSE,2011-06-28,2013-04-01,450000,"service",FALSE,FALSE,FALSE,FALSE,643,671.6418,-13.2531448216916,-0.4912,FALSE,2.19923630214411,0.788110164709793,0.142873375316655,0.240488867340015
"Talk",FALSE,2005-08-24,2013-04-01,25800000,"service",FALSE,FALSE,FALSE,TRUE,2777,9201.1412,-5.96027930806951,-1.5313,FALSE,0.614635232974415,-0.486726304253929,0.581002468425119,0.558926627221409
"Toolbar",FALSE,2000-12-11,2013-04-01,5270000,"program",FALSE,FALSE,FALSE,FALSE,4494,1165.6713,-4.93853938409631,-1.4298,TRUE,0.0633195951517077,-2.75956043767726,0.278060725837095,0.88707793910064
"Trader",FALSE,2009-11-02,2013-04-01,650000,"service",TRUE,FALSE,FALSE,FALSE,1246,510.6049,-11.9687743315089,-0.521,FALSE,1.28859492343699,0.253552418118951,0.28410411025307,0.344297638782999
"Transit",FALSE,2005-12-07,2013-04-01,579000,"service",FALSE,FALSE,FALSE,FALSE,2672,214.5239,-9.91672152604308,-0.5414,FALSE,0.909968489492093,-0.0943453070025337,0.696000319004968,0.358647928685225
"Translate",FALSE,2001-03-08,2013-04-01,1.38e+08,"service",FALSE,FALSE,TRUE,FALSE,4407,31123.1394,-1.80556842762006,-5.7299,TRUE,0.0460332116806094,-3.07839214994792,0.20214955926132,0.916575831780087
"Translator Toolkit",FALSE,2009-06-08,2013-04-01,520000,"service",FALSE,FALSE,FALSE,FALSE,1393,366.1972,-11.9684569883315,-0.4932,FALSE,1.56568151624304,0.448321202838718,0.419616838115132,0.176847435920899
"Transliteration",FALSE,2007-08-23,2013-04-01,227000,"service",FALSE,FALSE,FALSE,FALSE,2048,109.3976,-11.8016426811194,-0.3978,FALSE,1.49810390177763,0.404200243021908,0.804311311876417,0.131377287535596
"Trendalyzer",FALSE,2007-03-16,2013-04-01,23200,"service",FALSE,FALSE,FALSE,FALSE,2208,10.3803,-13.8392176776248,-0.1691,FALSE,2.5679847069717,0.943121430580895,1.66965373784479,0.0412436633797513
"Trends",FALSE,2006-05-10,2013-04-01,5010000,"service",FALSE,FALSE,FALSE,FALSE,2518,1968.5658,-7.99293469900456,-0.949,FALSE,0.547074386760913,-0.60317049538387,0.390045137210791,0.524730378225182
"Trusted Stores",FALSE,2012-06-07,2013-04-01,2960000,"service",TRUE,FALSE,FALSE,FALSE,298,9107.6923,-11.8938968952304,-0.7665,FALSE,1.26332606310023,0.233747975607737,0.0261368169272104,0.465217056752906
"TV",FALSE,2010-10-06,2013-04-01,10300000,"thing",TRUE,FALSE,FALSE,FALSE,908,11016.0428,-9.7196555632976,-0.9576,FALSE,1.12382552594442,0.1167385133946,0.163357523379517,0.498476608396576
"Voice",FALSE,2009-03-11,2013-04-01,5760000,"service",TRUE,FALSE,TRUE,FALSE,1482,3817.0974,-9.42830039581055,-0.8747,FALSE,0.778060392146593,-0.250951132949314,0.246040443947655,0.438922075543055
"Voice app",FALSE,2009-07-15,2013-04-01,407000,"program",TRUE,FALSE,FALSE,FALSE,1356,294.2878,-12.2697178736221,-0.4633,FALSE,0.990809665479545,-0.00923282618687556,0.253246758582751,0.330000526562731
"Voice Search",FALSE,2011-06-14,2013-04-01,3990000,"service",FALSE,FALSE,FALSE,FALSE,657,5833.3333,-11.0495639046205,-0.7848,FALSE,1.22787106550945,0.205281828699057,0.0863865288533789,0.454285049829635
"WalkyTalky",FALSE,2010-10-08,2013-04-01,57700,"program",FALSE,TRUE,FALSE,FALSE,906,61.8435,-14.9073378482801,-0.2767,FALSE,2.68236041212162,0.986697157681024,0.3899037204794,0.189817315155455
"Wallet",FALSE,2011-05-26,2013-04-01,4590000,"program",TRUE,FALSE,FALSE,FALSE,676,6529.1607,-10.8805924108012,-0.8073,FALSE,0.686159857999857,-0.376644649249017,0.0482745868325691,0.643438595560072
"WDYL search engine",FALSE,2011-06-27,2013-04-01,33800,"service",TRUE,FALSE,FALSE,FALSE,644,50.3726,-15.8404114598276,-0.2474,FALSE,3.58790109506489,1.2775673783386,0.233087976610097,0.0977905158956845
"Web Application Exploits and Defenses",FALSE,2010-05-04,2013-04-01,1290000,"service",FALSE,TRUE,FALSE,FALSE,1063,1183.4862,-11.5615352085528,-0.612,FALSE,1.55915369518135,0.444143170964526,0.290925353381622,0.26107510982934
"Web Fonts",FALSE,2010-05-19,2013-04-01,1070000,"service",FALSE,TRUE,FALSE,FALSE,1048,995.3488,-11.7713209105436,-0.5864,FALSE,1.64811085855269,0.499629697764106,0.307524033979703,0.241818336773018
"Web History",FALSE,2007-04-19,2013-04-01,8810000,"service",FALSE,FALSE,FALSE,FALSE,2174,4002.726,-7.95141207010639,-1.0432,FALSE,0.541099079141153,-0.614152876162371,0.351812102922448,0.510788898302822
"Webmaster Tools",FALSE,2005-06-02,2013-04-01,13100000,"service",FALSE,FALSE,FALSE,FALSE,2860,4537.5823,-6.51186977221989,-1.293,FALSE,0.369760595635812,-0.994899521585956,0.387496576296923,0.731979905194238
"Website Optimizer",FALSE,2006-10-18,2013-04-01,1370000,"service",TRUE,FALSE,FALSE,FALSE,2357,574.6644,-9.53430275870449,-0.6664,FALSE,0.676823651832737,-0.390344524739368,0.482551880576307,0.450310951683664
"Web Toolkit",FALSE,2006-05-16,2013-04-01,2300000,"program",FALSE,TRUE,FALSE,FALSE,2512,905.8685,-8.78058234400262,-0.7754,FALSE,0.530583806831671,-0.633777356342633,0.378287923444544,0.53503024755674
"WiFi",FALSE,2005-09-20,2013-04-01,210000,"service",FALSE,FALSE,FALSE,FALSE,2750,75.6212,-10.8123453860255,-0.4001,FALSE,1.15319869616581,0.142539556158687,0.882037861393979,0.272667643087626
"YouTube",FALSE,2006-10-06,2013-04-01,3.86e+09,"service",TRUE,FALSE,TRUE,TRUE,2369,1611018.3639,-1.57244933041286,-9.0892,FALSE,0.187365790666483,-1.6746924729788,0.133585335555209,0.801827338653542
"YouTube Remote",FALSE,2010-11-10,2013-04-01,102000,"program",FALSE,FALSE,FALSE,FALSE,873,113.3333,-14.38778689911,-0.3288,FALSE,2.10819275019606,0.745831063973376,0.291274126110151,0.266822208991542
"Zeitgeist",FALSE,2001-12-14,2013-04-01,5150000,"service",FALSE,FALSE,FALSE,FALSE,4126,1240.0674,-5.52098533927264,-1.2902,TRUE,0.104024772127335,-2.26312621467227,0.196817406431239,1
"Google Earth Outreach",FALSE,2007-06-26,2013-04-01,1060000,"other",FALSE,FALSE,FALSE,FALSE,2106,496.9526,-10.1724002674096,-0.6103,FALSE,0.304637712945259,-1.18863203480865,0.190836453776775,0.680142311567865
"Etherpad",TRUE,2009-12-04,2010-05-14,5020000,"program",FALSE,TRUE,TRUE,TRUE,161,4045.1249,-9.97320603017356,-0.8328,FALSE,1.65393239376098,0.503155721377352,0.0120664537527384,0.427642932421818
"reCAPTCHA",FALSE,2009-09-16,2013-04-01,3270000,"service",FALSE,FALSE,TRUE,FALSE,1293,2477.2727,-10.2817547499555,-0.7601,FALSE,1.18486989497233,0.169632975287072,0.267926309191826,0.256477242846772
"Quickoffice",FALSE,2012-06-05,2013-04-01,3020000,"program",FALSE,FALSE,TRUE,FALSE,300,9235.474,-11.8707890479008,-0.7692,FALSE,1.28086641643781,0.247536736788314,0.0264997074092589,0.460302919888816
"PlinkArt",FALSE,2010-04-12,2013-04-01,50100,"program",FALSE,FALSE,TRUE,FALSE,1085,45.054,-14.7764685707509,-0.2577,FALSE,2.76230136103587,1.01606415875117,0.515422887486678,0.0926205397072729
"VP codecs",FALSE,2010-02-19,2013-04-01,225000,"program",FALSE,TRUE,TRUE,FALSE,1137,193.299,-13.1953417853886,-0.3989,FALSE,2.0164104576919,0.701318929531029,0.394847906612383,0.179390987015947
"GreenBorder",FALSE,2007-05-30,2013-04-01,72900,"program",TRUE,FALSE,TRUE,FALSE,2133,33.75,-12.8082919777373,-0.2747,FALSE,1.3507304727466,0.300645537036836,0.84614807186892,0.181035943935591
"BufferBox",FALSE,2012-11-30,2013-04-01,256000,"service",TRUE,FALSE,TRUE,FALSE,122,1718.1208,-14.6092090146031,-0.5099,FALSE,3.06287787656779,1.11935495652617,0.0166902080411573,0.225708325439288
"skia",FALSE,2005-11-01,2013-04-01,286000,"program",FALSE,TRUE,TRUE,FALSE,2708,104.5704,-10.5673070757779,-0.44,FALSE,1.0062456128481,0.0062261898386205,0.769639032149928,0.321775445006285
"WebRTC",FALSE,2010-05-18,2013-04-01,1950000,"program",FALSE,TRUE,FALSE,FALSE,1049,1812.2677,-11.1696300443023,-0.6717,FALSE,0.998107153813453,-0.00189463988370947,0.186238648141823,0.423288623879532
"Advisor",FALSE,2011-05-19,2013-04-01,70700,"service",TRUE,FALSE,FALSE,FALSE,683,99.5775,-15.0431411459775,-0.3058,FALSE,2.9057635284447,1.06669618828055,0.204434188525271,0.154548345278279
"Storage",FALSE,2010-05-19,2013-04-01,317000,"service",TRUE,FALSE,FALSE,FALSE,1048,294.8837,-12.9878330641222,-0.4378,FALSE,1.68722429735372,0.523084751070748,0.314822282407891,0.233805960726347
"Cloud Messaging",FALSE,2012-06-27,2013-04-01,138000,"service",FALSE,FALSE,FALSE,FALSE,278,452.459,-14.9899906001793,-0.4079,FALSE,3.4815968102105,1.24749104205407,0.0650969767672368,0.120527868908548
"Dynamic Views",FALSE,2011-09-27,2013-04-01,217000,"service",FALSE,FALSE,FALSE,FALSE,552,374.7841,-14.1208279856008,-0.4197,FALSE,2.76656077788249,1.01760495234749,0.124590037030082,0.157577175980187
"Magnifier",FALSE,2011-08-17,2013-04-01,9180,"service",TRUE,FALSE,FALSE,FALSE,593,14.8065,-17.2213723067935,-0.1565,FALSE,5.16972621286493,1.64281973022541,0.295862854825161,0.0337113177419998
"Admeld",FALSE,2011-06-09,2013-04-01,123000,"service",TRUE,FALSE,TRUE,FALSE,662,178.5196,-14.521325348435,-0.357,FALSE,2.99250394657265,1.09611047727039,0.210536786626853,0.146170469795391
"schema.org",FALSE,2011-06-02,2013-04-01,15300000,"program",FALSE,TRUE,FALSE,FALSE,669,21982.7586,-9.68726060145108,-1.0321,FALSE,0.674375164226316,-0.393968699446036,0.0474454779649587,0.648330868886669
"Social Search",FALSE,2009-10-26,2013-04-01,1790000,"service",FALSE,FALSE,FALSE,TRUE,1253,1398.4375,-10.945134800588,-0.6618,FALSE,2.29727906507497,0.831725407435467,0.506494642276963,0.14943572138081
"Priority Inbox",FALSE,2010-08-30,2013-04-01,222000,"service",FALSE,FALSE,FALSE,FALSE,945,228.3951,-13.5006320964853,-0.4023,FALSE,2.34801064494778,0.85356843557899,0.350061439759267,0.154217717956016
"Voice Actions",FALSE,2010-08-12,2013-04-01,506000,"program",FALSE,FALSE,FALSE,FALSE,963,511.1111,-12.6494102505609,-0.493,FALSE,1.33115273456672,0.286045284570082,0.214105011922231,0.351985617246242
"Transparency Report",FALSE,2010-04-20,2013-04-01,958000,"program",FALSE,FALSE,FALSE,FALSE,1077,867.7536,-11.8378029379861,-0.5716,FALSE,1.07399149898796,0.0713820807741153,0.200398047567457,0.39650662552251
"Scribe",FALSE,2010-09-07,2013-04-01,61700,"service",FALSE,FALSE,FALSE,FALSE,937,64.0041,-14.7931866845614,-0.2811,FALSE,3.30500533293231,1.1954380868976,0.492738364601439,0.0988531476364944
"Sputnik",TRUE,2009-06-29,2011-09-30,25000,"program",FALSE,TRUE,FALSE,FALSE,823,17.8699,-15.0353329599661,-0.1918,FALSE,2.77472258203017,1.02055077176144,0.346779152418886,0.169405488839396
"YouTube Partnership Program",FALSE,2007-05-04,2013-04-01,442000,"service",TRUE,FALSE,FALSE,FALSE,2159,202.1958,-10.9665470390499,-0.4841,FALSE,0.98853805178885,-0.0115281426370422,0.619257197025653,0.286279106654811
"All for Good",FALSE,2009-06-22,2013-04-01,2310000,"service",FALSE,TRUE,FALSE,FALSE,1379,1642.9587,-10.4985649863427,-0.7053,FALSE,1.17703271599356,0.162996623978125,0.315455436830114,0.271873499964045
"I/O",FALSE,2008-03-10,2013-04-01,89500000,"other",FALSE,FALSE,FALSE,FALSE,1848,47733.3333,-6.12862722221763,-1.7579,FALSE,0.104541048597755,-2.25817547515885,0.0470573204564321,0.860101230684573
"YouTube Symphony Orchestra",FALSE,2008-12-01,2013-04-01,1390000,"other",FALSE,FALSE,FALSE,FALSE,1582,863.8906,-10.6979199094359,-0.632,FALSE,0.350064947668285,-1.04963657694716,0.12457657098849,0.584121164124856
"Ventures",FALSE,2009-03-30,2013-04-01,684000,"other",TRUE,FALSE,FALSE,FALSE,1463,459.0604,-11.5879179325265,-0.5289,FALSE,0.364549687888821,-1.00909241888472,0.112622097777576,0.678096509903118
"Measurement Lab",FALSE,2009-01-28,2013-04-01,29400,"program",FALSE,TRUE,FALSE,FALSE,1524,18.9555,-14.6421525053011,-0.2009,FALSE,2.50066800680046,0.916557898902049,0.86880580350112,0.0766543196611138
"LIFE photo archive",FALSE,2008-11-18,2013-04-01,403000,"service",FALSE,FALSE,FALSE,FALSE,1595,248.4587,-11.9162805258018,-0.4628,FALSE,1.54422315876656,0.434520974038609,0.577344960763274,0.0959537622569118
"Google.org",FALSE,2005-11-11,2013-04-01,701000,"other",FALSE,FALSE,FALSE,FALSE,2698,257.2477,-9.68599242095712,-0.573,FALSE,0.267862160648778,-1.31728275671963,0.204877587975566,0.739452835776229
"Lunar X Prize sponsorship",FALSE,2007-09-13,2013-04-01,436000,"other",FALSE,FALSE,FALSE,FALSE,2027,212.2687,-11.1808734401792,-0.4792,FALSE,0.397762775823672,-0.921899492044579,0.213553345438006,0.583388538566547
"The Literacy Project",FALSE,2008-04-22,2013-04-01,166000,"service",FALSE,FALSE,FALSE,FALSE,1805,90.6114,-12.4839994501182,-0.361,FALSE,1.79441269990899,0.584677781722774,0.78434825805911,0.0735217367357363
"Summer of Code",FALSE,2005-06-01,2013-04-01,1480000,"other",FALSE,TRUE,FALSE,FALSE,2861,512.4654,-8.69091977251157,-0.7179,FALSE,0.228316678919094,-1.47702167108867,0.239268143866177,0.824769020136125
"Site targeting",FALSE,2005-04-25,2013-04-01,36500,"service",TRUE,FALSE,FALSE,FALSE,2898,12.4786,-12.3371596195235,-0.2046,FALSE,1.42046911698261,0.350987181127238,1.48860350741215,0.301620390132086
"Anita Borg Memorial Scholarship",FALSE,2003-12-04,2013-04-01,358000,"other",FALSE,FALSE,FALSE,FALSE,3406,104.282,-9.28170668689676,-0.5007,TRUE,0.0880052239705808,-2.43035910296381,0.166508030539954,1
"Code Jam",FALSE,2003-09-18,2013-04-01,280000,"other",FALSE,FALSE,FALSE,FALSE,3483,79.7721,-9.41039912539451,-0.4654,TRUE,0.0910523146034838,-2.39632105189623,0.172273200347726,1
"Protocol Buffers",FALSE,2008-07-07,2013-04-01,258000,"program",FALSE,TRUE,FALSE,FALSE,1729,146.9248,-12.1585584561474,-0.4104,FALSE,1.29650020032681,0.259668480510114,0.566707800134939,0.151691686877337
